-- phpMyAdmin SQL Dump
-- version 5.2.1
-- https://www.phpmyadmin.net/
--
-- Host: 127.0.0.1
-- Generation Time: Feb 19, 2024 at 01:58 PM
-- Server version: 10.4.28-MariaDB
-- PHP Version: 8.2.4

SET SQL_MODE = "NO_AUTO_VALUE_ON_ZERO";
START TRANSACTION;
SET time_zone = "+00:00";


/*!40101 SET @OLD_CHARACTER_SET_CLIENT=@@CHARACTER_SET_CLIENT */;
/*!40101 SET @OLD_CHARACTER_SET_RESULTS=@@CHARACTER_SET_RESULTS */;
/*!40101 SET @OLD_COLLATION_CONNECTION=@@COLLATION_CONNECTION */;
/*!40101 SET NAMES utf8mb4 */;

--
-- Database: `db_our_task`
--

-- --------------------------------------------------------

--
-- Table structure for table `distribution_kelas`
--

CREATE TABLE `distribution_kelas` (
  `id` int(3) NOT NULL,
  `id_profile` int(3) DEFAULT NULL,
  `id_kelas` int(2) DEFAULT NULL
) ENGINE=InnoDB DEFAULT CHARSET=utf8 COLLATE=utf8_general_ci;

--
-- Dumping data for table `distribution_kelas`
--

INSERT INTO `distribution_kelas` (`id`, `id_profile`, `id_kelas`) VALUES
(1, 124, 1),
(2, 125, 1),
(3, 126, 1),
(4, 127, 1),
(5, 128, 1),
(6, 129, 1),
(7, 130, 1),
(8, 131, 1),
(9, 132, 1),
(10, 133, 1),
(11, 134, 1),
(12, 135, 1),
(13, 136, 1),
(14, 137, 1),
(15, 138, 1),
(16, 139, 1),
(17, 140, 1),
(18, 141, 1),
(19, 142, 1),
(20, 143, 1),
(21, 144, 1),
(22, 145, 1),
(23, 146, 1),
(24, 147, 1),
(25, 148, 1),
(26, 149, 1),
(27, 150, 1),
(28, 151, 1),
(29, 152, 1),
(30, 153, 1),
(31, 154, 1),
(32, 155, 1),
(33, 156, 1),
(34, 157, 1),
(35, 158, 1),
(36, 159, 1),
(37, 160, 2),
(38, 161, 2),
(39, 162, 2),
(40, 163, 2),
(41, 164, 2),
(42, 165, 2),
(43, 166, 2),
(44, 167, 2),
(45, 168, 2),
(46, 169, 2),
(47, 170, 2),
(48, 171, 2),
(49, 172, 2),
(50, 173, 2),
(51, 174, 2),
(52, 175, 2),
(53, 176, 2),
(54, 177, 2),
(55, 178, 2),
(56, 179, 2),
(57, 180, 2),
(58, 181, 2),
(59, 182, 2),
(60, 183, 2),
(61, 184, 2),
(62, 185, 2),
(63, 186, 2),
(64, 187, 2),
(65, 188, 2),
(66, 189, 2),
(67, 190, 2),
(68, 191, 2),
(69, 192, 2),
(70, 193, 2),
(71, 194, 2),
(72, 195, 2),
(73, 196, 3),
(74, 197, 3),
(75, 198, 3),
(76, 199, 3),
(77, 200, 3),
(78, 201, 3),
(79, 202, 3),
(80, 203, 3),
(81, 204, 3),
(82, 205, 3),
(83, 206, 3),
(84, 207, 3),
(85, 208, 3),
(86, 209, 3),
(87, 210, 3),
(88, 211, 3),
(89, 212, 3),
(90, 213, 3),
(91, 214, 3),
(92, 215, 3),
(93, 216, 3),
(94, 217, 3),
(95, 218, 3),
(96, 219, 3),
(97, 220, 3),
(98, 221, 3),
(99, 222, 3),
(100, 223, 3),
(101, 224, 3),
(102, 225, 3),
(103, 226, 3),
(104, 227, 3),
(105, 228, 3),
(106, 229, 3),
(107, 230, 3),
(108, 231, 3),
(109, 232, 4),
(110, 233, 4),
(111, 234, 4),
(112, 235, 4),
(113, 236, 4),
(114, 237, 4),
(115, 238, 4),
(116, 239, 4),
(117, 240, 4),
(118, 241, 4),
(119, 242, 4),
(120, 243, 4),
(121, 244, 4),
(122, 245, 4),
(123, 246, 4),
(124, 247, 4),
(125, 248, 4),
(126, 249, 4),
(127, 250, 4),
(128, 251, 4),
(129, 252, 4),
(130, 253, 4),
(131, 254, 4),
(132, 255, 4),
(133, 256, 4),
(134, 257, 4),
(135, 258, 4),
(136, 259, 4),
(137, 260, 4),
(138, 261, 4),
(139, 262, 4),
(140, 263, 4),
(141, 264, 4),
(142, 265, 4),
(143, 266, 4),
(144, 267, 4),
(145, 268, 5),
(146, 269, 5),
(147, 270, 5),
(148, 271, 5),
(149, 272, 5),
(150, 273, 5),
(151, 274, 5),
(152, 275, 5),
(153, 276, 5),
(154, 277, 5),
(155, 278, 5),
(156, 279, 5),
(157, 280, 5),
(158, 281, 5),
(159, 282, 5),
(160, 283, 5),
(161, 284, 5),
(162, 285, 5),
(163, 286, 5),
(164, 287, 5),
(165, 288, 5),
(166, 289, 5),
(167, 290, 5),
(168, 291, 5),
(169, 292, 5),
(170, 293, 5),
(171, 294, 5),
(172, 295, 5),
(173, 296, 5),
(174, 297, 5),
(175, 298, 5),
(176, 299, 5),
(177, 300, 5),
(178, 301, 5),
(179, 302, 5),
(180, 303, 5),
(181, 304, 6),
(182, 305, 6),
(183, 306, 6),
(184, 307, 6),
(185, 308, 6),
(186, 309, 6),
(187, 310, 6),
(188, 311, 6),
(189, 312, 6),
(190, 313, 6),
(191, 314, 6),
(192, 315, 6),
(193, 316, 6),
(194, 317, 6),
(195, 318, 6),
(196, 319, 6),
(197, 320, 6),
(198, 321, 6),
(199, 322, 6),
(200, 323, 6),
(201, 324, 6),
(202, 325, 6),
(203, 326, 6),
(204, 327, 6),
(205, 328, 6),
(206, 329, 6),
(207, 330, 6),
(208, 331, 6),
(209, 332, 6),
(210, 333, 6),
(211, 334, 6),
(212, 335, 6),
(213, 336, 6),
(214, 337, 6),
(215, 338, 6),
(216, 339, 6),
(217, 340, 7),
(218, 341, 7),
(219, 342, 7),
(220, 343, 7),
(221, 344, 7),
(222, 345, 7),
(223, 346, 7),
(224, 347, 7),
(225, 348, 7),
(226, 349, 7),
(227, 350, 7),
(228, 351, 7),
(229, 352, 7),
(230, 353, 7),
(231, 354, 7),
(232, 355, 7),
(233, 356, 7),
(234, 357, 7),
(235, 358, 7),
(236, 359, 7),
(237, 360, 7),
(238, 361, 7),
(239, 362, 7),
(240, 363, 7),
(241, 364, 7),
(242, 365, 7),
(243, 366, 7),
(244, 367, 7),
(245, 368, 7),
(246, 369, 7),
(247, 370, 7),
(248, 371, 7),
(249, 372, 7),
(250, 373, 7),
(251, 374, 7),
(252, 375, 7),
(253, 376, 8),
(254, 377, 8),
(255, 378, 8),
(256, 379, 8),
(257, 380, 8),
(258, 381, 8),
(259, 382, 8),
(260, 383, 8),
(261, 384, 8),
(262, 385, 8),
(263, 386, 8),
(264, 387, 8),
(265, 388, 8),
(266, 389, 8),
(267, 390, 8),
(268, 391, 8),
(269, 392, 8),
(270, 393, 8),
(271, 394, 8),
(272, 395, 8),
(273, 396, 8),
(274, 397, 8),
(275, 398, 8),
(276, 399, 8),
(277, 400, 8),
(278, 401, 8),
(279, 402, 8),
(280, 403, 8),
(281, 404, 8),
(282, 405, 8),
(283, 406, 8),
(284, 407, 8),
(285, 408, 8),
(286, 409, 8),
(287, 410, 8),
(288, 411, 8),
(289, 412, 9),
(290, 413, 9),
(291, 414, 9),
(292, 415, 9),
(293, 416, 9),
(294, 417, 9),
(295, 418, 9),
(296, 419, 9),
(297, 420, 9),
(298, 421, 9),
(299, 422, 9),
(300, 423, 9),
(301, 424, 9),
(302, 425, 9),
(303, 426, 9),
(304, 427, 9),
(305, 428, 9),
(306, 429, 9),
(307, 430, 9),
(308, 431, 9),
(309, 432, 9),
(310, 433, 9),
(311, 434, 9),
(312, 435, 9),
(313, 436, 9),
(314, 437, 9),
(315, 438, 9),
(316, 439, 9),
(317, 440, 9),
(318, 441, 9),
(319, 442, 9),
(320, 443, 9),
(321, 444, 9),
(322, 445, 9),
(323, 446, 9),
(324, 447, 9),
(325, 448, 10),
(326, 449, 10),
(327, 450, 10),
(328, 451, 10),
(329, 452, 10),
(330, 453, 10),
(331, 454, 10),
(332, 455, 10),
(333, 456, 10),
(334, 457, 10),
(335, 458, 10),
(336, 459, 10),
(337, 460, 10),
(338, 461, 10),
(339, 462, 10),
(340, 463, 10),
(341, 464, 10),
(342, 465, 10),
(343, 466, 10),
(344, 467, 10),
(345, 468, 10),
(346, 469, 10),
(347, 470, 10),
(348, 471, 10),
(349, 472, 10),
(350, 473, 10),
(351, 474, 10),
(352, 475, 10),
(353, 476, 10),
(354, 477, 10),
(355, 478, 10),
(356, 479, 10),
(357, 480, 10),
(358, 481, 10),
(359, 482, 10),
(360, 483, 10),
(361, 484, 11),
(362, 485, 11),
(363, 486, 11),
(364, 487, 11),
(365, 488, 11),
(366, 489, 11),
(367, 490, 11),
(368, 491, 11),
(369, 492, 11),
(370, 493, 11),
(371, 494, 11),
(372, 495, 11),
(373, 496, 11),
(374, 497, 11),
(375, 498, 11),
(376, 499, 11),
(377, 500, 11),
(378, 501, 11),
(379, 502, 11),
(380, 503, 11),
(381, 504, 11),
(382, 505, 11),
(383, 506, 11),
(384, 507, 11),
(385, 508, 11),
(386, 509, 11),
(387, 510, 11),
(388, 511, 11),
(389, 512, 11),
(390, 513, 11),
(391, 514, 11),
(392, 515, 11),
(393, 516, 11),
(394, 517, 11),
(395, 518, 11),
(396, 519, 11),
(397, 520, 12),
(398, 521, 12),
(399, 522, 12),
(400, 523, 12),
(401, 524, 12),
(402, 525, 12),
(403, 526, 12),
(404, 527, 12),
(405, 528, 12),
(406, 529, 12),
(407, 530, 12),
(408, 531, 12),
(409, 532, 12),
(410, 533, 12),
(411, 534, 12),
(412, 535, 12),
(413, 536, 12),
(414, 537, 12),
(415, 538, 12),
(416, 539, 12),
(417, 540, 12),
(418, 541, 12),
(419, 542, 12),
(420, 543, 12),
(421, 544, 12),
(422, 545, 12),
(423, 546, 12),
(424, 547, 12),
(425, 548, 12),
(426, 549, 12),
(427, 550, 12),
(428, 551, 12),
(429, 552, 12),
(430, 553, 12),
(431, 554, 12),
(432, 555, 12),
(433, 556, 13),
(434, 557, 13),
(435, 558, 13),
(436, 559, 13),
(437, 560, 13),
(438, 561, 13),
(439, 562, 13),
(440, 563, 13),
(441, 564, 13),
(442, 565, 13),
(443, 566, 13),
(444, 567, 13),
(445, 568, 13),
(446, 569, 13),
(447, 570, 13),
(448, 571, 13),
(449, 572, 13),
(450, 573, 13),
(451, 574, 13),
(452, 575, 13),
(453, 576, 13),
(454, 577, 13),
(455, 578, 13),
(456, 579, 13),
(457, 580, 13),
(458, 581, 13),
(459, 582, 13),
(460, 583, 13),
(461, 584, 13),
(462, 585, 13),
(463, 586, 13),
(464, 587, 13),
(465, 588, 13),
(466, 589, 13),
(467, 590, 13),
(468, 591, 13),
(469, 592, 14),
(470, 593, 14),
(471, 594, 14),
(472, 595, 14),
(473, 596, 14),
(474, 597, 14),
(475, 598, 14),
(476, 599, 14),
(477, 600, 14),
(478, 601, 14),
(479, 602, 14),
(480, 603, 14),
(481, 604, 14),
(482, 605, 14),
(483, 606, 14),
(484, 607, 14),
(485, 608, 14),
(486, 609, 14),
(487, 610, 14),
(488, 611, 14),
(489, 612, 14),
(490, 613, 14),
(491, 614, 14),
(492, 615, 14),
(493, 616, 14),
(494, 617, 14),
(495, 618, 14),
(496, 619, 14),
(497, 620, 14),
(498, 621, 14),
(499, 622, 14),
(500, 623, 14),
(501, 624, 14),
(502, 625, 14),
(503, 626, 14),
(504, 627, 14),
(505, 628, 15),
(506, 629, 15),
(507, 630, 15),
(508, 631, 15),
(509, 632, 15),
(510, 633, 15),
(511, 634, 15),
(512, 635, 15),
(513, 636, 15),
(514, 637, 15),
(515, 638, 15),
(516, 639, 15),
(517, 640, 15),
(518, 641, 15),
(519, 642, 15),
(520, 643, 15),
(521, 644, 15),
(522, 645, 15),
(523, 646, 15),
(524, 647, 15),
(525, 648, 15),
(526, 649, 15),
(527, 650, 15),
(528, 651, 15),
(529, 652, 15),
(530, 653, 15),
(531, 654, 15),
(532, 655, 15),
(533, 656, 15),
(534, 657, 15),
(535, 658, 15),
(536, 659, 15),
(537, 660, 15),
(538, 661, 15),
(539, 662, 15),
(540, 663, 15),
(541, 664, 16),
(542, 665, 16),
(543, 666, 16),
(544, 667, 16),
(545, 668, 16),
(546, 669, 16),
(547, 670, 16),
(548, 671, 16),
(549, 672, 16),
(550, 673, 16),
(551, 674, 16),
(552, 675, 16),
(553, 676, 16),
(554, 677, 16),
(555, 678, 16),
(556, 679, 16),
(557, 680, 16),
(558, 681, 16),
(559, 682, 16),
(560, 683, 16),
(561, 684, 16),
(562, 685, 16),
(563, 686, 16),
(564, 687, 16),
(565, 688, 16),
(566, 689, 16),
(567, 690, 16),
(568, 691, 16),
(569, 692, 16),
(570, 693, 16),
(571, 694, 16),
(572, 695, 16),
(573, 696, 16),
(574, 697, 16),
(575, 698, 16),
(576, 699, 16),
(577, 700, 17),
(578, 701, 17),
(579, 702, 17),
(580, 703, 17),
(581, 704, 17),
(582, 705, 17),
(583, 706, 17),
(584, 707, 17),
(585, 708, 17),
(586, 709, 17),
(587, 710, 17),
(588, 711, 17),
(589, 712, 17),
(590, 713, 17),
(591, 714, 17),
(592, 715, 17),
(593, 716, 17),
(594, 717, 17),
(595, 718, 17),
(596, 719, 17),
(597, 720, 17),
(598, 721, 17),
(599, 722, 17),
(600, 723, 17),
(601, 724, 17),
(602, 725, 17),
(603, 726, 17),
(604, 727, 17),
(605, 728, 17),
(606, 729, 17),
(607, 730, 17),
(608, 731, 17),
(609, 732, 17),
(610, 733, 17),
(611, 734, 17),
(612, 735, 17),
(613, 736, 17),
(614, 737, 18),
(615, 738, 18),
(616, 739, 18),
(617, 740, 18),
(618, 741, 18),
(619, 742, 18),
(620, 743, 18),
(621, 744, 18),
(622, 745, 18),
(623, 746, 18),
(624, 747, 18),
(625, 748, 18),
(626, 749, 18),
(627, 750, 18),
(628, 751, 18),
(629, 752, 18),
(630, 753, 18),
(631, 754, 18),
(632, 755, 18),
(633, 756, 18),
(634, 757, 18),
(635, 758, 18),
(636, 759, 18),
(637, 760, 18),
(638, 761, 18),
(639, 762, 18),
(640, 763, 18),
(641, 764, 18),
(642, 765, 18),
(643, 766, 18),
(644, 767, 18),
(645, 768, 18),
(646, 769, 18),
(647, 770, 18),
(648, 771, 19),
(649, 772, 19),
(650, 773, 19),
(651, 774, 19),
(652, 775, 19),
(653, 776, 19),
(654, 777, 19),
(655, 778, 19),
(656, 779, 19),
(657, 780, 19),
(658, 781, 19),
(659, 782, 19),
(660, 783, 19),
(661, 784, 19),
(662, 785, 19),
(663, 786, 19),
(664, 787, 19),
(665, 788, 19),
(666, 789, 19),
(667, 790, 19),
(668, 791, 19),
(669, 792, 19),
(670, 793, 19),
(671, 794, 19),
(672, 795, 19),
(673, 796, 19),
(674, 797, 19),
(675, 798, 19),
(676, 799, 19),
(677, 800, 19),
(678, 801, 19),
(679, 802, 19),
(680, 803, 19),
(681, 804, 19),
(682, 805, 19),
(683, 806, 20),
(684, 807, 20),
(685, 808, 20),
(686, 809, 20),
(687, 810, 20),
(688, 811, 20),
(689, 812, 20),
(690, 813, 20),
(691, 814, 20),
(692, 815, 20),
(693, 816, 20),
(694, 817, 20),
(695, 818, 20),
(696, 819, 20),
(697, 820, 20),
(698, 821, 20),
(699, 822, 20),
(700, 823, 20),
(701, 824, 20),
(702, 825, 20),
(703, 826, 20),
(704, 827, 20),
(705, 828, 20),
(706, 829, 20),
(707, 830, 20),
(708, 831, 20),
(709, 832, 20),
(710, 833, 20),
(711, 834, 20),
(712, 835, 20),
(713, 836, 20),
(714, 837, 20),
(715, 838, 20),
(716, 839, 20),
(717, 840, 20);

-- --------------------------------------------------------

--
-- Table structure for table `distribution_mapel`
--

CREATE TABLE `distribution_mapel` (
  `id` int(4) NOT NULL,
  `id_profile` int(10) DEFAULT NULL,
  `id_mapel` int(8) DEFAULT NULL,
  `id_kelas` int(10) DEFAULT NULL
) ENGINE=InnoDB DEFAULT CHARSET=utf8 COLLATE=utf8_general_ci;

--
-- Dumping data for table `distribution_mapel`
--

INSERT INTO `distribution_mapel` (`id`, `id_profile`, `id_mapel`, `id_kelas`) VALUES
(2, 2, 14, 0),
(3, 3, 8, 0),
(4, 4, 1, 0),
(5, 5, 15, 0),
(6, 6, 15, 0),
(7, 8, 15, 0),
(8, 9, 14, 0),
(9, 10, 14, 0),
(10, 11, 13, 0),
(11, 12, 5, 0),
(12, 13, 3, 0),
(13, 14, 15, 0),
(14, 15, 14, 0),
(15, 16, 9, 0),
(16, 17, 8, 0),
(17, 18, 14, 0),
(18, 19, 2, 0),
(19, 20, 14, 0),
(20, 21, 1, 0),
(21, 22, 4, 0),
(22, 23, 1, 0),
(23, 24, 5, 0),
(24, 26, 4, 0),
(25, 27, 5, 0),
(26, 28, 5, 0),
(27, 29, 16, 0),
(28, 30, 15, 0),
(29, 31, 2, 0),
(30, 32, 15, 0),
(31, 33, 5, 0),
(32, 34, 13, 0),
(33, 35, 10, 0),
(34, 36, 1, 0),
(35, 37, 13, 0),
(36, 38, 1, 0),
(37, 39, 15, 0),
(38, 40, 13, 0),
(39, 41, 16, 0),
(40, 42, 4, 0),
(41, 43, 1, 0),
(42, 44, 9, 0),
(43, 45, 14, 0),
(44, 46, 3, 0),
(45, 47, 13, 0),
(46, 48, 14, 0),
(47, 49, 2, 0),
(48, 50, 7, 0),
(49, 51, 15, 0),
(50, 52, 8, 0),
(51, 53, 14, 0),
(52, 54, 15, 0),
(53, 55, 7, 0),
(54, 56, 14, 0),
(55, 57, 1, 0),
(56, 58, 15, 0),
(57, 59, 5, 0),
(58, 61, 11, 0),
(59, 62, 6, 0),
(60, 63, 11, 0),
(61, 64, 9, 0),
(62, 65, 8, 0),
(63, 66, 11, 0),
(64, 67, 10, 0),
(65, 68, 10, 1),
(66, 69, 16, 0),
(67, 70, 11, 0),
(68, 71, 9, 0),
(69, 72, 9, 0),
(70, 74, 8, 0),
(71, 76, 9, 0),
(72, 77, 10, 0),
(73, 78, 12, 0),
(74, 79, 12, 0),
(75, 80, 5, 0),
(76, 81, 12, 0),
(77, 82, 12, 0),
(78, 86, 8, 0),
(79, 87, 15, 0),
(80, 88, 8, 0),
(81, 89, 6, 0),
(82, 90, 11, 0),
(83, 91, 1, 0),
(84, 92, 7, 0),
(85, 93, 8, 0),
(86, 94, 15, 0),
(87, 95, 10, 1),
(88, 96, 16, 0),
(89, 97, 16, 0),
(90, 98, 10, 0),
(91, 99, 4, 0),
(92, 100, 10, 0),
(93, 101, 11, 0),
(94, 102, 8, 0),
(95, 103, 4, 0),
(96, 105, 9, 0),
(97, 106, 9, 0),
(98, 107, 4, 0),
(99, 108, 12, 0),
(100, 109, 12, 0),
(101, 110, 6, 0),
(102, 111, 13, 0),
(103, 112, 1, 0),
(104, 114, 5, 0),
(105, 117, 14, 0),
(106, 118, 13, 0),
(107, 120, 7, 0),
(108, 121, 1, 0),
(109, 123, 8, 0),
(1, 841, 1, 1),
(111, 841, 1, 2);

-- --------------------------------------------------------

--
-- Table structure for table `jurusan`
--

CREATE TABLE `jurusan` (
  `id` int(1) NOT NULL,
  `jurusan` varchar(4) DEFAULT NULL
) ENGINE=InnoDB DEFAULT CHARSET=utf8 COLLATE=utf8_general_ci;

--
-- Dumping data for table `jurusan`
--

INSERT INTO `jurusan` (`id`, `jurusan`) VALUES
(1, 'PPLG'),
(2, 'TJKT'),
(3, 'TF'),
(4, 'PM'),
(5, 'MPLB'),
(6, 'AKL'),
(7, 'DKV');

-- --------------------------------------------------------

--
-- Table structure for table `kelas`
--

CREATE TABLE `kelas` (
  `id` int(2) NOT NULL,
  `id_jurusan` int(1) DEFAULT NULL,
  `sub_jurusan` int(1) DEFAULT NULL,
  `grade` varchar(10) DEFAULT NULL
) ENGINE=InnoDB DEFAULT CHARSET=utf8 COLLATE=utf8_general_ci;

--
-- Dumping data for table `kelas`
--

INSERT INTO `kelas` (`id`, `id_jurusan`, `sub_jurusan`, `grade`) VALUES
(1, 1, 1, 'XI PPLG 1'),
(2, 1, 2, 'XI PPLG 2'),
(3, 2, 1, 'XI'),
(4, 2, 2, 'XI'),
(5, 3, 1, 'XI'),
(6, 3, 2, 'XI'),
(7, 4, 1, 'XI'),
(8, 4, 2, 'XI'),
(9, 4, 3, 'XI'),
(10, 5, 1, 'XI'),
(11, 5, 2, 'XI'),
(12, 5, 3, 'XI'),
(13, 5, 4, 'XI'),
(14, 6, 1, 'XI'),
(15, 6, 2, 'XI'),
(16, 6, 3, 'XI'),
(17, 6, 4, 'XI'),
(18, 6, 5, 'XI'),
(19, 7, 1, 'XI'),
(20, 7, 2, 'XI');

-- --------------------------------------------------------

--
-- Table structure for table `mapel`
--

CREATE TABLE `mapel` (
  `id` int(2) NOT NULL,
  `mapel` varchar(17) DEFAULT NULL
) ENGINE=InnoDB DEFAULT CHARSET=utf8 COLLATE=utf8_general_ci;

--
-- Dumping data for table `mapel`
--

INSERT INTO `mapel` (`id`, `mapel`) VALUES
(1, 'Matematika'),
(2, 'Sejarah Indonesia'),
(3, 'PPKn'),
(4, 'B Indonesia'),
(5, 'B Inggris'),
(6, 'B Jawa'),
(7, 'PJOK'),
(8, 'BK'),
(9, 'Agama'),
(10, 'PPLG'),
(11, 'TJKT'),
(12, 'TF'),
(13, 'PM'),
(14, 'MPLB'),
(15, 'AKL'),
(16, 'DKV');

-- --------------------------------------------------------

--
-- Table structure for table `profile`
--

CREATE TABLE `profile` (
  `id` int(3) NOT NULL,
  `name` varchar(37) DEFAULT NULL,
  `no_induk` int(22) DEFAULT NULL,
  `email` varchar(255) NOT NULL,
  `password` varchar(255) NOT NULL,
  `status` varchar(14) DEFAULT 'siswa',
  `pp_name` varchar(10) NOT NULL
) ENGINE=InnoDB DEFAULT CHARSET=utf8 COLLATE=utf8_general_ci;

--
-- Dumping data for table `profile`
--

INSERT INTO `profile` (`id`, `name`, `no_induk`, `email`, `password`, `status`, `pp_name`) VALUES
(1, 'Drs. Dani Priya Widada', 19680202, '', '', 'kepala Sekolah', ''),
(2, 'Drs. H. Slamet Rohadi', 19631103, '', '', 'guru', ''),
(3, 'Dra. Tuti Hartini', 19631215, '', '', 'guru', ''),
(4, 'Thoyib Abdullah', 19640311, '', '', 'guru', ''),
(5, 'Dra. Hj. Sri Hartati W.', 19640616, '', '', 'guru', ''),
(6, 'Dra. Yuwanti Yuli Prastiwi', 19640724, '', '', 'guru', ''),
(7, 'Hj. Masriana', 19641014, '', '', 'guru', ''),
(8, 'Dra. Kisdarwati, MM', 19650304, '', '', 'guru', ''),
(9, 'Dra. Hj. Marwati Budisayekti', 19650317, '', '', 'guru', ''),
(10, 'Drs. H. Ngadimin', 19650328, '', '', 'guru', ''),
(11, 'Dra. Warsiti', 19650505, '', '', 'guru', ''),
(12, 'Dra. Hj. Nasiyah', 19660101, '', '', 'guru', ''),
(13, 'Drs. H. Teguh Wibowo', 19660414, '', '', 'guru', ''),
(14, 'Insan, S.Pd, MM', 19660629, '', '', 'guru', ''),
(15, 'Hj. Widiastuti S, S.Pd.', 19671025, '', '', 'guru', ''),
(16, 'Drs. H. Jamalusurur, M.Si', 19680302, '', '', 'guru', ''),
(17, 'Drs. Agus Nuryanto, MM', 19680814, '', '', 'guru', ''),
(18, 'Drs. Sukirno', 19650406, '', '', 'guru', ''),
(19, 'Waluyo, S.Pd.', 19670203, '', '', 'guru', ''),
(20, 'Sukirman, S.Pd, MM', 19680208, '', '', 'guru', ''),
(21, 'Akhmad Syauqy, S.Si, MM', 19681230, '', '', 'guru', ''),
(22, 'Drs. Andit Dwi Susanto', 19680925, '', '', 'guru', ''),
(23, 'Suwondo S.Pd', 19690418, '', '', 'guru', ''),
(24, 'Tati Nurhayati, S.Pd.', 19691204, '', '', 'guru', ''),
(25, 'Kusyono Trihantoro, S.Pd.', 19700212, '', '', 'guru', ''),
(26, 'Soekristianti ES, S.Pd, M.Pd', 19700715, '', '', 'guru', ''),
(27, 'Rumili, S.Pd.', 19701203, '', '', 'guru', ''),
(28, 'Nurul Chasanah, S.Pd.', 19710525, '', '', 'guru', ''),
(29, 'Titi Endri Astuti, S. Kom', 19720419, '', '', 'guru', ''),
(30, 'Tutut Sinarsih, SE', 19720521, '', '', 'guru', ''),
(31, 'Rosmiasih, S.Pd.', 19720522, '', '', 'guru', ''),
(32, 'Sri Yulaeni Susanti, S.Pd', 19730727, '', '', 'guru', ''),
(33, 'Riyad Firdausi, S.Pd.', 19730911, '', '', 'guru', ''),
(34, 'Menik Mugiwati, S.Pd, MM', 19740201, '', '', 'guru', ''),
(35, 'Faradina S.Kom', 19740821, '', '', 'guru', ''),
(36, 'Eko Budi S, S.Pd', 19750302, '', '', 'guru', ''),
(37, 'Raras Nuring S, SE', 19750507, '', '', 'guru', ''),
(38, 'H. Dwi Andi Purnomo, S.Pd, MM', 19751011, '', '', 'guru', ''),
(39, 'Diyah Chandra I, SE.Ak, MM', 19780930, '', '', 'guru', ''),
(40, 'Farida Kurniati, SE', 19790221, '', '', 'guru', ''),
(41, 'Tanton Cahyanto, S.Kom.', 19801223, '', '', 'guru', ''),
(42, 'Rini Astuti Ch, M.Pd.', 19640707, '', '', 'guru', ''),
(43, 'Kustinah, S.Pd.', 19650808, '', '', 'guru', ''),
(44, 'Drs. Priyanto', 19651018, '', '', 'guru', ''),
(45, 'Dra. Herdiana Kristianti', 19670110, '', '', 'guru', ''),
(46, 'Tri Puji Astuti, S.Pd.', 19670420, '', '', 'guru', ''),
(47, 'Drs. Yoyok KGBS', 19670719, '', '', 'guru', ''),
(48, 'Hj. Tri Rahyuningsih, S.Pd.', 19680317, '', '', 'guru', ''),
(49, 'Imam Pudji Santosa, S.Pd', 19681123, '', '', 'guru', ''),
(50, 'Gunawan, S.Pd.', 19690223, '', '', 'guru', ''),
(51, 'Lili Suprihatin, SE.', 19690630, '', '', 'guru', ''),
(52, 'Dra. Dwi Ana Murdiyanti', 19690828, '', '', 'guru', ''),
(53, 'Yusuf Achmadi, S.Pd, MM', 19690929, '', '', 'guru', ''),
(54, 'Eti Umiyati, S.Pd.', 19700801, '', '', 'guru', ''),
(55, 'Sugeng Paryanto, S.Pd.', 19701102, '', '', 'guru', ''),
(56, 'Indah Saptanti, S.Pd.', 19720427, '', '', 'guru', ''),
(57, 'Nurfaedah, S.Pd', 19730909, '', '', 'guru', ''),
(58, 'Solikhah, M.Ak.', 19740209, '', '', 'guru', ''),
(59, 'Palupi Nilasari, S.Pd', 19750919, '', '', 'guru', ''),
(60, 'Kurniawan Setiyadi, S.Pd', 19760630, '', '', 'guru', ''),
(61, 'Seno Nugroho, S.Kom', 19790125, '', '', 'guru', ''),
(62, 'Haryono, S.Pd.', 19790726, '', '', 'guru', ''),
(63, 'Asrining Pratiwi, S. Kom', 19811124, '', '', 'guru', ''),
(64, 'Okkie Cahya Milana, S.Pd.I', 19851024, '', '', 'guru', ''),
(65, 'Sofwan Akhmad, S.Psi.', 19771123, '', '', 'guru', ''),
(66, 'Muchamad Awaludin, S.Kom.', 19780814, '', '', 'guru', ''),
(67, 'Hanif Saeful Amin, S.Kom.', 19780806, '', '', 'guru', ''),
(68, 'Eva Nurvaizah, S.Kom', 19811221, '', '', 'guru', ''),
(69, 'Nur Hepti Istiqomah, S.Pd.', 19850218, '', '', 'guru', ''),
(70, 'Ichsan Romdhona, S.Pd.', 19920315, '', '', 'guru', ''),
(71, 'Arief Ritade Aswas, S.Pd.I', 19800112, '', '', 'guru', ''),
(72, 'Sholihah Husnul Ch, S.Ag', 19710724, '', '', 'guru', ''),
(73, 'Sudijat, S.Pd.', 19680425, '', '', 'guru', ''),
(74, 'Titi Ernawati, S.Pd.', 19710526, '', '', 'guru', ''),
(75, 'Nining Umiyati, S.Ag.', 19730912, '', '', 'guru', ''),
(76, 'Roslina Saptaningrum, S.Ag.S.Pd.', 19770712, '', '', 'guru', ''),
(77, 'Sukarno, S.Kom.', 19780712, '', '', 'guru', ''),
(78, 'Rina Mulyani, S. Far.', 19790608, '', '', 'guru', ''),
(79, 'Marita Budi Susilowati, S.Si.', 19800321, '', '', 'guru', ''),
(80, 'Sugiarti, S.Pd.', 19800422, '', '', 'guru', ''),
(81, 'apt. Abdul Manan M.Farm', 19801009, '', '', 'guru', ''),
(82, 'Anggita Puspa Perdana, S.Si.', 19850518, '', '', 'guru', ''),
(83, 'Feria Faozah Susilowati, S.E.I.', 19850613, '', '', 'guru', ''),
(84, 'Yunita Sri Rahayu, S.Pd.', 19860618, '', '', 'guru', ''),
(85, 'Kikie Astri Mahdalika, S.Pd', 19870802, '', '', 'guru', ''),
(86, 'Fajri Tri Khoiriyatun, S.Pd.', 19880525, '', '', 'guru', ''),
(87, 'Fajar Mintaraga,  S.Pd', 19890826, '', '', 'guru', ''),
(88, 'Tri Cahyono, S.Pd.', 19901212, '', '', 'guru', ''),
(89, 'Dwi Prastanti Fajriatun, S.Pd', 2147483647, '', '', 'guru', ''),
(90, 'Mardwityo Romadhona, S.Kom', 19920317, '', '', 'guru', ''),
(91, 'Naelussyfa Rohana,S.Pd', 19920529, '', '', 'guru', ''),
(92, 'Singgih Yoga P, S.Pd', 19920618, '', '', 'guru', ''),
(93, 'Ratsongko Mawi Tantri, S.Psi', 19920710, '', '', 'guru', ''),
(94, 'Sri Yulia Ningsih, SE. Sy', 19920727, '', '', 'guru', ''),
(95, 'Yoga Willy Utomo, S.Kom', 19921108, '', '', 'guru', ''),
(96, 'Uthiya Rahma Mardlatika, S.Pd', 19921123, '', '', 'guru', ''),
(97, 'Ayu Swandini, S.Pd.', 19930818, '', '', 'guru', ''),
(98, 'Muhammad Jundi Hanif S.Kom', 19940424, '', '', 'guru', ''),
(99, 'Lina Nuryanti, S.Pd', 19940729, '', '', 'guru', ''),
(100, 'Ingga Rossi Rahmadani, S.Kom', 19950301, '', '', 'guru', ''),
(101, 'Kuwati, S.Kom', 19950419, '', '', 'guru', ''),
(102, 'Hayu Almar?atus Sholihah, S.Pd.', 19961012, '', '', 'guru', ''),
(103, 'Rohmat Prayogi, S.Pd', 2147483647, '', '', 'guru', ''),
(104, 'R. Bogi Pranata Wiji S.Pd', 2147483647, '', '', 'guru', ''),
(105, 'Sumiati, S.Pd I', 2147483647, '', '', 'guru', ''),
(106, 'Ahmad Purtama A, S.Pd I, M.Pd', 2147483647, '', '', 'guru', ''),
(107, 'Meliza Dyah Puspitasari S.Pd, M.Pd', 2147483647, '', '', 'guru', ''),
(108, 'Apt.  Titis Arum Ika YA, S.Farm.', 2147483647, '', '', 'guru', ''),
(109, 'Apt. Nur Ngaini, S.Si.', 19750217, '', '', 'guru', ''),
(110, 'Muji Lestari, S.Pd', 2147483647, '', '', 'guru', ''),
(111, 'Indwi Kurniati, A.Md', 0, '', '', 'guru', ''),
(112, 'Sulis Haryanti, S.Pd.', 2147483647, '', '', 'guru', ''),
(113, 'Sri Maryani, S.Pd', 2147483647, '', '', 'guru', ''),
(114, 'Adi Irianto, S.Pd', 2147483647, '', '', 'guru', ''),
(115, 'Karsono, S.Pd', 2147483647, '', '', 'guru', ''),
(116, 'Alifah Purnami, SE', 19700620, '', '', 'guru', ''),
(117, 'Angga Syukma Gilang, S. Pd', 19920702, '', '', 'guru', ''),
(118, 'Arif Danang Prianggono, S. AB', 19840120, '', '', 'guru', ''),
(119, 'Maisatul Rochmah, S. Pd', 19860504, '', '', 'guru', ''),
(120, 'Roman Boby Pradita, S. Pd', 19891023, '', '', 'guru', ''),
(121, 'Rosiatuningsih, S. Pd', 19810603, '', '', 'guru', ''),
(122, 'Yuliati, S. Pd', 19760417, '', '', 'guru', ''),
(123, 'Afridian, S.Pd.', 19820707, '', '', 'guru', ''),
(124, 'Akhtar Muhammad Zaki', 20184, '', '', 'siswa', ''),
(125, 'Alfat Taufik Nurhidayat', 20185, '', '', 'ketua kelas', ''),
(126, 'Alfred Aisytiens Nathan', 20186, '', '', 'siswa', ''),
(127, 'Amanda Alvita Rahma', 20187, '', '', 'siswa', ''),
(128, 'Amelia Septi Kautsar', 20188, '', '', 'siswa', ''),
(129, 'Denis Rizkyan Oktaviano', 20189, '', '', 'siswa', ''),
(130, 'Dheta Afika', 20190, '', '', 'siswa', ''),
(131, 'Dhimas Rasya Putrawan', 20191, '', '', 'siswa', ''),
(132, 'Dhina Afriani', 20192, '', '', 'siswa', ''),
(133, 'Eko Rahmat Tulus Subarkah', 20193, '', '', 'siswa', ''),
(134, 'Fabe Bustanil Fatichin', 20194, '', '', 'siswa', ''),
(135, 'Faiq Rafiq Nur Aditya', 20195, '', '', 'siswa', ''),
(136, 'Faishal Mukhammad Syarief', 20196, '', '', 'siswa', ''),
(137, 'Fandy Wijaya Pratama', 20197, '', '', 'siswa', ''),
(138, 'Gabriel Nathaniel Hutagalung', 20198, '', '', 'siswa', ''),
(139, 'Ikhsandi Saktiawan', 20199, '', '', 'siswa', ''),
(140, 'Itrhoh Anggun Pamungkas', 20200, '', '', 'siswa', ''),
(141, 'Joshua Seweningaji Yudyan Putra', 20201, '', '', 'siswa', ''),
(142, 'Khaidar Abdiel Fadhiel', 20202, '', '', 'siswa', ''),
(143, 'Muhammad Faqih', 20203, '', '', 'siswa', ''),
(144, 'Muhammad Farrel Argiyanto', 20204, '', '', 'siswa', ''),
(145, 'Naufal Khoerurrizqo', 20205, '', '', 'siswa', ''),
(146, 'Nazwa Aulya', 20206, '', '', 'siswa', ''),
(147, 'Nur Fadli Dwi Leksana', 20207, '', '', 'siswa', ''),
(148, 'Rafi Raditya Adri Ramadhan', 20208, '', '', 'siswa', ''),
(149, 'Ramadandy Gilyanda Assaputra', 20209, '', '', 'siswa', ''),
(150, 'Rara Ajeng Dwi Salsa Triannisa', 20210, '', '', 'siswa', ''),
(151, 'Reaven Putra Permana', 20211, '', '', 'siswa', ''),
(152, 'Rizqi Asyriansyah', 20212, 'asyriansyah@gmail.com', '12345678', 'siswa', ''),
(153, 'Rubben Mulyo Santoso', 20213, '', '', 'siswa', ''),
(154, 'Salwa Faisadina', 20214, '', '', 'siswa', ''),
(155, 'Serafina Susanto', 20215, '', '', 'siswa', ''),
(156, 'Shobiburrahmat Al Fahruz Zabad', 20216, '', '', 'siswa', ''),
(157, 'Syahrul Adha Fauzan', 20217, '', '', 'siswa', ''),
(158, 'Tri Damara Maulidya', 20218, '', '', 'siswa', ''),
(159, 'Yasmin Rizky Juneeta', 20219, '', '', 'siswa', ''),
(160, 'Abimanyu Arya Lokananta', 20220, '', '', 'siswa', ''),
(161, 'Adellia Nur Rahmawati', 20221, '', '', 'siswa', ''),
(162, 'Adinda Chelsea Nabila Nur Setia', 20222, '', '', 'siswa', ''),
(163, 'Aditya Sulistiono', 20223, '', '', 'siswa', ''),
(164, 'Afrizal Risnata', 20224, '', '', 'siswa', ''),
(165, 'Alya Rizkiana Putri', 20225, '', '', 'siswa', ''),
(166, 'Ananda Apriliana', 20226, '', '', 'siswa', ''),
(167, 'Ananda Rizka Labbibah', 20227, '', '', 'siswa', ''),
(168, 'Arsyah Ananda Zahran', 20228, '', '', 'siswa', ''),
(169, 'Bima Singgih Pamungkas', 20229, '', '', 'siswa', ''),
(170, 'Dinar Amalina Zabila', 20230, '', '', 'siswa', ''),
(171, 'Eliezer Moses Marshalius', 20231, '', '', 'siswa', ''),
(172, 'Fahyu Krida Rohmandoni', 20232, '', '', 'siswa', ''),
(173, 'Giri Jaya Purnomo', 20233, '', '', 'siswa', ''),
(174, 'Hafiz Alwan Susilo', 20234, '', '', 'siswa', ''),
(175, 'Haiban Aufar Irwanov', 20235, '', '', 'siswa', ''),
(176, 'Haniah Maharani', 20236, '', '', 'siswa', ''),
(177, 'Hanif Satio Aji', 20237, '', '', 'siswa', ''),
(178, 'Ibnu Fathurrohman', 20238, '', '', 'siswa', ''),
(179, 'Muhammad Rifqi Agus Setianto', 20239, '', '', 'siswa', ''),
(180, 'Muhhamad Hasan I\'roqi', 20240, '', '', 'siswa', ''),
(181, 'Nathanael Ezra Aryo Rinekso', 20241, '', '', 'siswa', ''),
(182, 'Nila Ika Nur Alia', 20242, '', '', 'siswa', ''),
(183, 'Nuria Laili Masyhurah', 20243, '', '', 'siswa', ''),
(184, 'Raffa Ayu Andini', 20244, '', '', 'siswa', ''),
(185, 'Rafif Dwi Saputra', 20245, '', '', 'siswa', ''),
(186, 'Rakha Nuzhmi Abidin', 20246, '', '', 'siswa', ''),
(187, 'Randiva Galih Laksamana Putra', 20247, '', '', 'siswa', ''),
(188, 'Restu Aziz Saputra', 20248, '', '', 'siswa', ''),
(189, 'Rizki Salis Robianto', 20249, '', '', 'siswa', ''),
(190, 'Rizqi Julianto', 20250, '', '', 'siswa', ''),
(191, 'Siska Tri Rahayu', 20251, '', '', 'siswa', ''),
(192, 'Tsuraya Dinan Arkani', 20252, '', '', 'siswa', ''),
(193, 'Yolanda Bilqis Amani', 20253, '', '', 'siswa', ''),
(194, 'Zaidan Ilman Wiguna', 20254, '', '', 'siswa', ''),
(195, 'Zaranggi Raushan Rahbari', 20255, '', '', 'siswa', ''),
(196, 'Aiman Fiqi Naja', 20256, '', '', 'siswa', ''),
(197, 'Alvi Aulia Rahman', 20257, '', '', 'siswa', ''),
(198, 'Alviendra Putra Setiawan', 20258, '', '', 'siswa', ''),
(199, 'Anggita Pasha Ramadhani', 20259, '', '', 'siswa', ''),
(200, 'Azmi Mufidah Setyadi', 20260, '', '', 'siswa', ''),
(201, 'Azzah Ridlo Nur Jannah', 20261, '', '', 'siswa', ''),
(202, 'Balkis Nur Mutmainah', 20262, '', '', 'siswa', ''),
(203, 'Bayu Candra Setiawan', 20263, '', '', 'siswa', ''),
(204, 'Dafit Fasya Aprilio Purnama', 20264, '', '', 'siswa', ''),
(205, 'Danis Audric Mahadana', 20265, '', '', 'siswa', ''),
(206, 'Dhevaline Putri Narendyan', 20266, '', '', 'siswa', ''),
(207, 'Elsa Rezki Maulia', 20267, '', '', 'siswa', ''),
(208, 'Hasri Afra Annisa Athahirah', 20268, '', '', 'siswa', ''),
(209, 'Hazen Difarenanta', 20269, '', '', 'siswa', ''),
(210, 'Hervyn Meita Ardhanti', 20270, '', '', 'siswa', ''),
(211, 'Intan Wahyu Rizky Amalia', 20271, '', '', 'siswa', ''),
(212, 'Itsnaini Syahara Ramadhani', 20272, '', '', 'siswa', ''),
(213, 'Kaafiwan Virgi Mustawa', 20273, '', '', 'siswa', ''),
(214, 'Kautsar Zayyan Abiyu', 20274, '', '', 'siswa', ''),
(215, 'Keylan Muhammad Sukur', 20275, '', '', 'siswa', ''),
(216, 'Lucky Diah Wulandari', 20277, '', '', 'siswa', ''),
(217, 'Mohammad Alqan Fajri', 20278, '', '', 'siswa', ''),
(218, 'Muhammad Anggasta Veda Perdana', 20317, '', '', 'siswa', ''),
(219, 'Muhammad Khauza Dwi Aditya Yosi', 20279, '', '', 'siswa', ''),
(220, 'Nabila Rahma Verdiani', 20280, '', '', 'siswa', ''),
(221, 'Nada Hasna Faiha', 20281, '', '', 'siswa', ''),
(222, 'Naufal Arden Nawarudin', 20282, '', '', 'siswa', ''),
(223, 'Octavia Nur Hidayah Rahmadhani', 20283, '', '', 'siswa', ''),
(224, 'Panji Pratama Aprian', 20284, '', '', 'siswa', ''),
(225, 'Pio Ardhanata', 20285, '', '', 'siswa', ''),
(226, 'Salumita Ardiana', 20286, '', '', 'siswa', ''),
(227, 'Taufan Nur Saffarudin', 20287, '', '', 'siswa', ''),
(228, 'Tisya Salwatul Naomi', 20288, '', '', 'siswa', ''),
(229, 'Tofik Yudianto', 20289, '', '', 'siswa', ''),
(230, 'Windi Hestia Sutanto', 20290, '', '', 'siswa', ''),
(231, 'Zulfanio Nazari Saputra', 20291, '', '', 'siswa', ''),
(232, 'Aisyah Mecca Madani', 20292, '', '', 'siswa', ''),
(233, 'Akhsan Nur Lathief', 20293, '', '', 'siswa', ''),
(234, 'Alia Sofianti', 20294, '', '', 'siswa', ''),
(235, 'Ammar Fauzaan Novtian', 20295, '', '', 'siswa', ''),
(236, 'Aurelia Chintya Ramadina', 20296, '', '', 'siswa', ''),
(237, 'Dhea Nurul Alifa', 20297, '', '', 'siswa', ''),
(238, 'Eri Lestari', 20298, '', '', 'siswa', ''),
(239, 'Fadiah Nasihah Rahmadani', 20299, '', '', 'siswa', ''),
(240, 'Fahreza Aswaransyah Pratama', 20300, '', '', 'siswa', ''),
(241, 'Faizal Faqri', 20301, '', '', 'siswa', ''),
(242, 'Fara Claussia Rizky', 20302, '', '', 'siswa', ''),
(243, 'Fifi Fianti', 20303, '', '', 'siswa', ''),
(244, 'Firza Rafel Raditya', 20304, '', '', 'siswa', ''),
(245, 'Ghina Lutfiani', 20305, '', '', 'siswa', ''),
(246, 'Gian Sabiansyah Ramadhani', 20306, '', '', 'siswa', ''),
(247, 'Hana Dwi Yanti', 20307, '', '', 'siswa', ''),
(248, 'Hanifan Nur Aflah', 20308, '', '', 'siswa', ''),
(249, 'Ibnati Naela Fauziyah', 20309, '', '', 'siswa', ''),
(250, 'Iis Muflihatun', 20310, '', '', 'siswa', ''),
(251, 'Isnaeni Rahayu', 20311, '', '', 'siswa', ''),
(252, 'Kharisma Husna Amalia', 20312, '', '', 'siswa', ''),
(253, 'Kiki Gunawan', 20313, '', '', 'siswa', ''),
(254, 'Kukuh Daffa Nurbaihaki', 20314, '', '', 'siswa', ''),
(255, 'Kuntoro', 20276, '', '', 'siswa', ''),
(256, 'Lexyano Firmansyah', 20315, '', '', 'siswa', ''),
(257, 'Livina Latifatul Isriyah', 20316, '', '', 'siswa', ''),
(258, 'Muhammad Syamsudin Al Bukhori', 20318, '', '', 'siswa', ''),
(259, 'Nirfananda Alisya Putri', 20319, '', '', 'siswa', ''),
(260, 'Nur Ngaisyah', 20320, '', '', 'siswa', ''),
(261, 'Putri Wulan Brigantari', 20321, '', '', 'siswa', ''),
(262, 'Rais Hasan Wibowo', 20322, '', '', 'siswa', ''),
(263, 'Rendy Derasyana Rifi', 20323, '', '', 'siswa', ''),
(264, 'Rizal Saputra', 20324, '', '', 'siswa', ''),
(265, 'Rizki Maulana Ramadhan', 20325, '', '', 'siswa', ''),
(266, 'Sefa Fitra Charisa', 20326, '', '', 'siswa', ''),
(267, 'Yahya Arin Setiawan', 20327, '', '', 'siswa', ''),
(268, 'Adelia Yolan Nur Fitri', 20328, '', '', 'siswa', ''),
(269, 'Aisyah Huwaida Ramadani', 20329, '', '', 'siswa', ''),
(270, 'Alzena Shafana Nadira', 20330, '', '', 'siswa', ''),
(271, 'Athaya Miska Ranum Putri Priyanto', 20331, '', '', 'siswa', ''),
(272, 'Ayesha Meylandini', 20332, '', '', 'siswa', ''),
(273, 'Ayunda Fatimah Ramadhani', 20333, '', '', 'siswa', ''),
(274, 'Beby Aghniya Wahyu', 20334, '', '', 'siswa', ''),
(275, 'Bilqis Salwa Mushofa', 20335, '', '', 'siswa', ''),
(276, 'Dike Gustri Naeni', 20336, '', '', 'siswa', ''),
(277, 'Echa Dianne Felicia', 20337, '', '', 'siswa', ''),
(278, 'Fara Dilla Kusuma', 20338, '', '', 'siswa', ''),
(279, 'Fatihatun Sholehah', 20339, '', '', 'siswa', ''),
(280, 'Fildzah Andini', 20340, '', '', 'siswa', ''),
(281, 'Inka Fitriana Saputri', 20341, '', '', 'siswa', ''),
(282, 'Kalila Fadhilah Rizki', 20342, '', '', 'siswa', ''),
(283, 'Keyla Marella As\'syifa', 20343, '', '', 'siswa', ''),
(284, 'Linda Fadilah Nurrohmah', 20344, '', '', 'siswa', ''),
(285, 'Meseila Dilanti', 20345, '', '', 'siswa', ''),
(286, 'Mochamad Arya Farhan Danur Wenda', 20346, '', '', 'siswa', ''),
(287, 'Nadine Putricia Raya Hernando', 20347, '', '', 'siswa', ''),
(288, 'Naila Saputri', 20348, '', '', 'siswa', ''),
(289, 'Najwa Imandia Putri', 20349, '', '', 'siswa', ''),
(290, 'Nasywa Anindya', 20350, '', '', 'siswa', ''),
(291, 'Oxana Umar Husodo', 20351, '', '', 'siswa', ''),
(292, 'Rachellia Diah Sekar Sari Dewi', 20352, '', '', 'siswa', ''),
(293, 'Rahmah Naela Azahrah', 20353, '', '', 'siswa', ''),
(294, 'Raina Safa Salsabila', 20354, '', '', 'siswa', ''),
(295, 'Rani', 20355, '', '', 'siswa', ''),
(296, 'Ratna Dwi Mei Wardani', 20356, '', '', 'siswa', ''),
(297, 'Revanesa Ayudia Putri Ramadhani', 20357, '', '', 'siswa', ''),
(298, 'Risha Asyifa', 20358, '', '', 'siswa', ''),
(299, 'Risya Ayu Ramadhani', 20359, '', '', 'siswa', ''),
(300, 'Serlita Novelia', 20360, '', '', 'siswa', ''),
(301, 'Sofi Dias Astisa', 20361, '', '', 'siswa', ''),
(302, 'Syahlaa Khuriyah April In', 20362, '', '', 'siswa', ''),
(303, 'Yusria Riski Utami', 20363, '', '', 'siswa', ''),
(304, 'Agustin Putri Azahra', 20364, '', '', 'siswa', ''),
(305, 'Andhara Pageanitha Sudiyono', 20365, '', '', 'siswa', ''),
(306, 'Annas Dwi Fitriani', 20366, '', '', 'siswa', ''),
(307, 'Annisa Kusuma Maheswari', 20367, '', '', 'siswa', ''),
(308, 'Aqeylla Masitoh Lie', 20368, '', '', 'siswa', ''),
(309, 'Azka Widi Fadila', 20369, '', '', 'siswa', ''),
(310, 'Ba\'ietarra Jihan Syofianasywa', 20370, '', '', 'siswa', ''),
(311, 'Cantika Muharradya Nur Arinda', 20371, '', '', 'siswa', ''),
(312, 'Danella Callysta Valerie', 20372, '', '', 'siswa', ''),
(313, 'Dhiya Fauziyah Iffat', 20373, '', '', 'siswa', ''),
(314, 'Dinar Witty Syahrani', 20374, '', '', 'siswa', ''),
(315, 'Effi Nofitahesa', 20375, '', '', 'siswa', ''),
(316, 'Fina Nailissa\'adah', 20376, '', '', 'siswa', ''),
(317, 'Firmanda Alunna Anjani', 20377, '', '', 'siswa', ''),
(318, 'Friska Mayshinta', 20378, '', '', 'siswa', ''),
(319, 'Hana Septianti', 20379, '', '', 'siswa', ''),
(320, 'Intan Mega Audita', 20380, '', '', 'siswa', ''),
(321, 'Jihan Agustin', 20381, '', '', 'siswa', ''),
(322, 'Khalysa Nadia Zahra Hidayat', 20382, '', '', 'siswa', ''),
(323, 'Martelanny Rahayu', 20383, '', '', 'siswa', ''),
(324, 'Nabila Nailal Husna', 20384, '', '', 'siswa', ''),
(325, 'Nur Fidianingsih', 20385, '', '', 'siswa', ''),
(326, 'Nur Oktaviana Majid', 20386, '', '', 'siswa', ''),
(327, 'Oryza Dyah Auliani', 20387, '', '', 'siswa', ''),
(328, 'Renata Belvana Chesta Adabi', 20388, '', '', 'siswa', ''),
(329, 'Rheta Adelia Safitri', 20389, '', '', 'siswa', ''),
(330, 'Riska Dwi Yulianti', 20390, '', '', 'siswa', ''),
(331, 'Rosa Melinda Putri', 20391, '', '', 'siswa', ''),
(332, 'Sabrina Salsabila', 20392, '', '', 'siswa', ''),
(333, 'Safina Vara Choirunnisa', 20393, '', '', 'siswa', ''),
(334, 'Sazkia Difa Sutrisno Putri', 20394, '', '', 'siswa', ''),
(335, 'Selvi Wulandari', 20395, '', '', 'siswa', ''),
(336, 'Siti Aisyah', 20396, '', '', 'siswa', ''),
(337, 'Surya Bintang Sriwijaya', 20397, '', '', 'siswa', ''),
(338, 'Vintan Syabilla Nur Yuana', 20398, '', '', 'siswa', ''),
(339, 'Zakky Noor Hakim', 20399, '', '', 'siswa', ''),
(340, 'Adine Apsarini', 20400, '', '', 'siswa', ''),
(341, 'Ajeng Kasih Pratiwi', 20401, '', '', 'siswa', ''),
(342, 'Amelia Arifatun Najikhah', 20402, '', '', 'siswa', ''),
(343, 'Arrafi Pramudya Ardhana', 20403, '', '', 'siswa', ''),
(344, 'Aulia Revalina Syafitri', 20404, '', '', 'siswa', ''),
(345, 'Clara Atikasari', 20405, '', '', 'siswa', ''),
(346, 'Desi Puspita Pramesti', 20406, '', '', 'siswa', ''),
(347, 'Diah Wulandari', 20407, '', '', 'siswa', ''),
(348, 'Dwi Virginita Wibowo', 20408, '', '', 'siswa', ''),
(349, 'Elki Juni Ariestasari', 20409, '', '', 'siswa', ''),
(350, 'Elsa Ferlita Laurensia', 20410, '', '', 'siswa', ''),
(351, 'Euis Nafisa Andriani', 20411, '', '', 'siswa', ''),
(352, 'Faiza Najla Muflihah', 20412, '', '', 'siswa', ''),
(353, 'Farah Zahrah Khairun Nisa', 20413, '', '', 'siswa', ''),
(354, 'Farista Putri Aurel', 20414, '', '', 'siswa', ''),
(355, 'Fayza Dhiya El Tsania', 20415, '', '', 'siswa', ''),
(356, 'Febi Tri Andini', 20416, '', '', 'siswa', ''),
(357, 'Fitria Tahta Alfina', 20417, '', '', 'siswa', ''),
(358, 'Hana Widianti', 20418, '', '', 'siswa', ''),
(359, 'Hisma Usfatullaifah', 20419, '', '', 'siswa', ''),
(360, 'Indah Puspa Arum', 20420, '', '', 'siswa', ''),
(361, 'Kayla Rahma Sharira', 20421, '', '', 'siswa', ''),
(362, 'Lisdita Putri Pinusccio', 20422, '', '', 'siswa', ''),
(363, 'Luki Rahmasari', 20423, '', '', 'siswa', ''),
(364, 'Maesaroh Sholihatun Sustiani', 20424, '', '', 'siswa', ''),
(365, 'Nanda Ariska Imanala', 20425, '', '', 'siswa', ''),
(366, 'Nesa Indriyati', 20426, '', '', 'siswa', ''),
(367, 'Novita Dwi Angellyn', 20427, '', '', 'siswa', ''),
(368, 'Refalina Az-Zahra', 20428, '', '', 'siswa', ''),
(369, 'Reva Dwi Ariyanti', 20429, '', '', 'siswa', ''),
(370, 'Reva Widji Saputri', 20430, '', '', 'siswa', ''),
(371, 'Reza Meilani', 20431, '', '', 'siswa', ''),
(372, 'Septi Ramadhani', 20432, '', '', 'siswa', ''),
(373, 'Shabrina Rahmania Dhani', 20433, '', '', 'siswa', ''),
(374, 'Silviandra Agustine', 20434, '', '', 'siswa', ''),
(375, 'Yusup Nur Hidayat', 20435, '', '', 'siswa', ''),
(376, 'Agisa Wulan Ramadhani', 20436, '', '', 'siswa', ''),
(377, 'Aldi Al-Hafiz', 20437, '', '', 'siswa', ''),
(378, 'Aprilia Ragil Saputri', 20438, '', '', 'siswa', ''),
(379, 'Arby Jasuanda Bima Ramadhan', 20439, '', '', 'siswa', ''),
(380, 'Arya Nur Secha', 20440, '', '', 'siswa', ''),
(381, 'Bayu Wicaksono', 20441, '', '', 'siswa', ''),
(382, 'Chika Amalia Anggani', 20442, '', '', 'siswa', ''),
(383, 'Deva Maulana', 20443, '', '', 'siswa', ''),
(384, 'Dian Sri Utami', 20444, '', '', 'siswa', ''),
(385, 'Dita Clarisa', 20445, '', '', 'siswa', ''),
(386, 'Erina Firdayana Fadillah', 20446, '', '', 'siswa', ''),
(387, 'Esti Nurfita', 20447, '', '', 'siswa', ''),
(388, 'Evan Nur Fauzi', 20448, '', '', 'siswa', ''),
(389, 'Fania Alfah Rezi Putri', 20449, '', '', 'siswa', ''),
(390, 'Febianti Intania Purnomo', 20450, '', '', 'siswa', ''),
(391, 'Fika Kirana Suci', 20451, '', '', 'siswa', ''),
(392, 'Firna Rahmawati', 20452, '', '', 'siswa', ''),
(393, 'Haya Fauziyyah Widodo', 20453, '', '', 'siswa', ''),
(394, 'Helmy Hidayat', 20454, '', '', 'siswa', ''),
(395, 'Indah Ayu Nur Aini', 20455, '', '', 'siswa', ''),
(396, 'Juliani Insya Hana Mulia', 20456, '', '', 'siswa', ''),
(397, 'Kori Fatun Nisya', 20457, '', '', 'siswa', ''),
(398, 'Larasati Putri Pambayun', 20458, '', '', 'siswa', ''),
(399, 'Lucky Jelita Prihantini', 20459, '', '', 'siswa', ''),
(400, 'Meisya Ayu', 20460, '', '', 'siswa', ''),
(401, 'Melsy Hanifia Evelin', 20461, '', '', 'siswa', ''),
(402, 'Mutiara Nurani', 20462, '', '', 'siswa', ''),
(403, 'Nayla Apriani Ulya', 20463, '', '', 'siswa', ''),
(404, 'Ranti Catur Lestari', 20464, '', '', 'siswa', ''),
(405, 'Sofia Nur Rohmah', 20465, '', '', 'siswa', ''),
(406, 'Syarifah Dwi Nur Arini', 20466, '', '', 'siswa', ''),
(407, 'Syifa Salsabila', 20467, '', '', 'siswa', ''),
(408, 'Vera Amallia', 20468, '', '', 'siswa', ''),
(409, 'Windi Ayu Hartanti', 20469, '', '', 'siswa', ''),
(410, 'Zahwa Helmi', 20470, '', '', 'siswa', ''),
(411, 'Zakky Setio Ardhani', 20471, '', '', 'siswa', ''),
(412, 'Amanda Azzah Alhalifi', 20472, '', '', 'siswa', ''),
(413, 'Aden Praemasati Rupa', 20473, '', '', 'siswa', ''),
(414, 'Adilah Nur Azizah', 20474, '', '', 'siswa', ''),
(415, 'Afrah Nur Sautry', 20475, '', '', 'siswa', ''),
(416, 'Anantya Nareswari Putri Kinanti', 20476, '', '', 'siswa', ''),
(417, 'Andin Nurviana', 20477, '', '', 'siswa', ''),
(418, 'Andine Hasna Afifah', 20478, '', '', 'siswa', ''),
(419, 'Anggun Aprilianti', 20479, '', '', 'siswa', ''),
(420, 'Anisa Rahmadini', 20480, '', '', 'siswa', ''),
(421, 'Ardelia Trisna Widya', 20481, '', '', 'siswa', ''),
(422, 'Aszahra Anggun Saputri', 20482, '', '', 'siswa', ''),
(423, 'Bintang Novelina', 20483, '', '', 'siswa', ''),
(424, 'Bunga Hestari Raharja', 20484, '', '', 'siswa', ''),
(425, 'Fajar Tri Nursita', 20485, '', '', 'siswa', ''),
(426, 'Khairanni Aliyanti Zhahra', 20486, '', '', 'siswa', ''),
(427, 'Maya Puspitasari', 20487, '', '', 'siswa', ''),
(428, 'Melly Septia Ramadhani', 20488, '', '', 'siswa', ''),
(429, 'Nabila Tasya Nur Fadhilah', 20489, '', '', 'siswa', ''),
(430, 'Nala Wanodya Kencana', 20490, '', '', 'siswa', ''),
(431, 'Nindy Rahmawati', 20491, '', '', 'siswa', ''),
(432, 'Nita Juliardani', 20492, '', '', 'siswa', ''),
(433, 'Riris Sefila', 20493, '', '', 'siswa', ''),
(434, 'Risa Afrilia', 20494, '', '', 'siswa', ''),
(435, 'Rizka Dwi Yulian', 20495, '', '', 'siswa', ''),
(436, 'Salma Amalia Nurjannah', 20496, '', '', 'siswa', ''),
(437, 'Salsa Imroatun Nadifah', 20497, '', '', 'siswa', ''),
(438, 'Salwa Septiara Putri', 20498, '', '', 'siswa', ''),
(439, 'Sayla Aulia Zzahra', 20499, '', '', 'siswa', ''),
(440, 'Sekar Saskiya', 20500, '', '', 'siswa', ''),
(441, 'Sheilla Hanum Putri Aruni', 20501, '', '', 'siswa', ''),
(442, 'Tina Septia Ningsih', 20502, '', '', 'siswa', ''),
(443, 'Tsuroya Salmah', 20503, '', '', 'siswa', ''),
(444, 'Vanesa Adelia Mayanti', 20504, '', '', 'siswa', ''),
(445, 'Widia Putri Ningsih', 20505, '', '', 'siswa', ''),
(446, 'Yolanda Aulia', 20506, '', '', 'siswa', ''),
(447, 'Yunisa Dwi Aryani', 20507, '', '', 'siswa', ''),
(448, 'Aida Nurul Hidayani', 20508, '', '', 'siswa', ''),
(449, 'Alisya Cahya Maretha', 20509, '', '', 'siswa', ''),
(450, 'Alya Putri Suci', 20510, '', '', 'siswa', ''),
(451, 'Amanda Widya Putri', 20511, '', '', 'siswa', ''),
(452, 'Atfatul Amanda', 20512, '', '', 'siswa', ''),
(453, 'Bunga Citra Valentine', 20513, '', '', 'siswa', ''),
(454, 'Desi Maryani', 20514, '', '', 'siswa', ''),
(455, 'Dwi Selviajayati', 20515, '', '', 'siswa', ''),
(456, 'Erlina Sindi Marfungah', 20516, '', '', 'siswa', ''),
(457, 'Fadhila Nafa Zukhrufi Asyarifa', 20517, '', '', 'siswa', ''),
(458, 'Fatin Luthfiyah', 20518, '', '', 'siswa', ''),
(459, 'Fatinnisa Annajla', 20519, '', '', 'siswa', ''),
(460, 'Felicia Salwa Zakianisa', 20520, '', '', 'siswa', ''),
(461, 'Fika Alfenia Pangesthi', 20521, '', '', 'siswa', ''),
(462, 'Haniifah', 20522, '', '', 'siswa', ''),
(463, 'Happy Cahaya Chesilia Putri', 20523, '', '', 'siswa', ''),
(464, 'Indira Desi Nur Aida', 20524, '', '', 'siswa', ''),
(465, 'Laila Nur Zakiyyah', 20525, '', '', 'siswa', ''),
(466, 'Lia Dwi Rahmatika', 20526, '', '', 'siswa', ''),
(467, 'Lisa Stefani', 20527, '', '', 'siswa', ''),
(468, 'Makayla Ayu Pradita', 20528, '', '', 'siswa', ''),
(469, 'Maulia Tri Ilmiatun', 20529, '', '', 'siswa', ''),
(470, 'Muhammad Izzaz Aufa', 20530, '', '', 'siswa', ''),
(471, 'Natasya Ayu Citraningsih', 20531, '', '', 'siswa', ''),
(472, 'Nezha Anindita Maheswari', 20532, '', '', 'siswa', ''),
(473, 'Nines Nafisha Syahputri', 20533, '', '', 'siswa', ''),
(474, 'Nurfati Faturohmah', 20534, '', '', 'siswa', ''),
(475, 'Putri Panca Wati', 20535, '', '', 'siswa', ''),
(476, 'Rosalia Maharani', 20536, '', '', 'siswa', ''),
(477, 'Salsa Bella Nayla Azzuhra', 20537, '', '', 'siswa', ''),
(478, 'Sania Marza', 20538, '', '', 'siswa', ''),
(479, 'Veli Kurniawardani', 20539, '', '', 'siswa', ''),
(480, 'Wahyu Setiadi', 20540, '', '', 'siswa', ''),
(481, 'Widakasih Sekarayya Ramadani', 20541, '', '', 'siswa', ''),
(482, 'Wulandari', 20542, '', '', 'siswa', ''),
(483, 'Zahwa Ummu Latifah', 20543, '', '', 'siswa', ''),
(484, 'Acintya Agata', 20544, '', '', 'siswa', ''),
(485, 'Alna Shalli Fadlilah', 20545, '', '', 'siswa', ''),
(486, 'Amanda Reisya Hafizh', 20546, '', '', 'siswa', ''),
(487, 'Ardina Citra Insani', 20547, '', '', 'siswa', ''),
(488, 'Arin Nur Qomariah', 20548, '', '', 'siswa', ''),
(489, 'Asih Aprilliana', 20549, '', '', 'siswa', ''),
(490, 'Cleodia Aurelle Dewari', 20550, '', '', 'siswa', ''),
(491, 'Defi Fitriani', 20551, '', '', 'siswa', ''),
(492, 'Desti Trianingsih', 20552, '', '', 'siswa', ''),
(493, 'Dian Chandra Dwi Putri', 20553, '', '', 'siswa', ''),
(494, 'Dwi Adinda Septi Rahayu', 20554, '', '', 'siswa', ''),
(495, 'Faisal Nurhidayah Faturahman', 20555, '', '', 'siswa', ''),
(496, 'Fenza Alifiansyah', 20556, '', '', 'siswa', ''),
(497, 'Gicela Dwi Pramesti Putri Sugiantoro', 20557, '', '', 'siswa', ''),
(498, 'Helen Dinda Prasasty', 20558, '', '', 'siswa', ''),
(499, 'Intan Setiyani', 20559, '', '', 'siswa', ''),
(500, 'Isna Okta Rahmadani', 20560, '', '', 'siswa', ''),
(501, 'Juliana Insya Hani Mulia', 20561, '', '', 'siswa', ''),
(502, 'Khayla Bintang Kamala Subhan', 20562, '', '', 'siswa', ''),
(503, 'Khoerotul Inayah', 20563, '', '', 'siswa', ''),
(504, 'Lean Imro\'atul \'Azizah', 20564, '', '', 'siswa', ''),
(505, 'Leli Destiani', 20565, '', '', 'siswa', ''),
(506, 'Levina Indriyana Sari', 20566, '', '', 'siswa', ''),
(507, 'Margareta Tri Fena Purnomo', 20567, '', '', 'siswa', ''),
(508, 'Marsya Ariyani Putri', 20568, '', '', 'siswa', ''),
(509, 'Messi Afra Novela', 20569, '', '', 'siswa', ''),
(510, 'Miftakhul Jannah', 20570, '', '', 'siswa', ''),
(511, 'Mutiara Qonita Ghamidhah', 20571, '', '', 'siswa', ''),
(512, 'Naomi Vega Septriasa', 20572, '', '', 'siswa', ''),
(513, 'Nilna Khanif Azizah', 20573, '', '', 'siswa', ''),
(514, 'Noni Deka Wijayasri', 20574, '', '', 'siswa', ''),
(515, 'Rahajeng Diah Ayu Lestari', 20575, '', '', 'siswa', ''),
(516, 'Resti Juwinda', 20576, '', '', 'siswa', ''),
(517, 'Syava Nur Arafah', 20577, '', '', 'siswa', ''),
(518, 'Upika Dewi Agustina', 20578, '', '', 'siswa', ''),
(519, 'Zahwa Laura Prisela Lamusu', 20579, '', '', 'siswa', ''),
(520, 'Amelia Dwi Septiani', 20580, '', '', 'siswa', ''),
(521, 'Anayu Zein Sabara', 20581, '', '', 'siswa', ''),
(522, 'Andini Putri Septia Lestari', 20582, '', '', 'siswa', ''),
(523, 'Aninda Tabikha Farkhani', 20583, '', '', 'siswa', ''),
(524, 'Anisa Vandriani Pramesti', 20584, '', '', 'siswa', ''),
(525, 'Apria Kusniawati', 20585, '', '', 'siswa', ''),
(526, 'Auberta Aurellia Pambudi', 20586, '', '', 'siswa', ''),
(527, 'Aurelia Jonea Purwonjoto', 20587, '', '', 'siswa', ''),
(528, 'Devina Andhien Haryuningtyas', 20588, '', '', 'siswa', ''),
(529, 'Diajeng Gladis Azzahra', 20589, '', '', 'siswa', ''),
(530, 'Diaz Nur Afiftri', 20590, '', '', 'siswa', ''),
(531, 'Fayzha Setia Pertiwi', 20591, '', '', 'siswa', ''),
(532, 'Guntur Agung Prasetyo Aji', 20592, '', '', 'siswa', ''),
(533, 'Hanifah Eksi Juniarti', 20593, '', '', 'siswa', ''),
(534, 'Ihda Nur Kasyifa', 20594, '', '', 'siswa', ''),
(535, 'Ika Tri Febianti', 20595, '', '', 'siswa', ''),
(536, 'Khofifah Nurul Fajriah', 20596, '', '', 'siswa', ''),
(537, 'Mareta Angki Prita Cahyadi', 20597, '', '', 'siswa', ''),
(538, 'Nada Iftinan Maulidia', 20598, '', '', 'siswa', ''),
(539, 'Navika Julia Mukaromah', 20599, '', '', 'siswa', ''),
(540, 'Nazhifah Aulia Nur Annisa', 20600, '', '', 'siswa', ''),
(541, 'Putri Junita', 20601, '', '', 'siswa', ''),
(542, 'Putri Sandi Tiabekti', 20602, '', '', 'siswa', ''),
(543, 'Putri Sania Khasna Kamila', 20603, '', '', 'siswa', ''),
(544, 'Rendra Satria Satyatama', 20604, '', '', 'siswa', ''),
(545, 'Reza Amelia', 20605, '', '', 'siswa', ''),
(546, 'Rinata Nur Fatimah', 20606, '', '', 'siswa', ''),
(547, 'Salsabila Isna Yuniar', 20607, '', '', 'siswa', ''),
(548, 'Salwa Salsabila', 20608, '', '', 'siswa', ''),
(549, 'Saskia Putri Prasetya', 20609, '', '', 'siswa', ''),
(550, 'Syabila Alya Nuwayar', 20610, '', '', 'siswa', ''),
(551, 'Tita Rose Sheta', 20611, '', '', 'siswa', ''),
(552, 'Ully Lativah', 20612, '', '', 'siswa', ''),
(553, 'Valentine Regita Listya', 20613, '', '', 'siswa', ''),
(554, 'Zaskia Riski Nafisa Putri', 20614, '', '', 'siswa', ''),
(555, 'Zulfa Salsabila Arhindy', 20615, '', '', 'siswa', ''),
(556, 'Alleia Deswita Prayagati', 20616, '', '', 'siswa', ''),
(557, 'Alya Dini Pratiwi', 20617, '', '', 'siswa', ''),
(558, 'Ayunda Eva Celia', 20618, '', '', 'siswa', ''),
(559, 'Chintia Audiva Putri', 20619, '', '', 'siswa', ''),
(560, 'Chintya Dwi Artista', 20620, '', '', 'siswa', ''),
(561, 'Dinda Albirra Putri Anandra', 20621, '', '', 'siswa', ''),
(562, 'Dita Eka Putri', 20622, '', '', 'siswa', ''),
(563, 'Dovaly Toviana', 20623, '', '', 'siswa', ''),
(564, 'Farah Choerunnisa', 20624, '', '', 'siswa', ''),
(565, 'Fatma Zulaekha', 20625, '', '', 'siswa', ''),
(566, 'Fitri Ramadhani', 20626, '', '', 'siswa', ''),
(567, 'Ika Fatmawati', 20627, '', '', 'siswa', ''),
(568, 'Ika Nur Rahayu', 20628, '', '', 'siswa', ''),
(569, 'Jauzaa\' Fadlia Hardiyanti', 20629, '', '', 'siswa', ''),
(570, 'Jihan Permata Safitri Devi', 20630, '', '', 'siswa', ''),
(571, 'Karina Talitha Mahya', 20631, '', '', 'siswa', ''),
(572, 'Laudya Juniar Rachmawati', 20632, '', '', 'siswa', ''),
(573, 'Manda Damayanti', 20633, '', '', 'siswa', ''),
(574, 'Nadira Aulia Putri', 20634, '', '', 'siswa', ''),
(575, 'Naurah Khalilah Artanti', 20635, '', '', 'siswa', ''),
(576, 'Nikita Varadina', 20636, '', '', 'siswa', ''),
(577, 'Reva Febhy Ayu', 20637, '', '', 'siswa', ''),
(578, 'Rinjani Sesha Tama', 20638, '', '', 'siswa', ''),
(579, 'Rizka Ayu Kinanti', 20639, '', '', 'siswa', ''),
(580, 'Salsa Zahrotun Nisa', 20640, '', '', 'siswa', ''),
(581, 'Sarah Nur Agustin', 20641, '', '', 'siswa', ''),
(582, 'Syafa Nur Ludthfi Fadilahwati', 20642, '', '', 'siswa', ''),
(583, 'Tanti Angguni', 20643, '', '', 'siswa', ''),
(584, 'Tiara Dewi Widiasti', 20644, '', '', 'siswa', ''),
(585, 'Tri Muktiana Sari', 20645, '', '', 'siswa', ''),
(586, 'Vicka Ocktavia Agatha', 20646, '', '', 'siswa', ''),
(587, 'Winda Heliantina', 20647, '', '', 'siswa', ''),
(588, 'Wiwit Karomah', 20648, '', '', 'siswa', ''),
(589, 'Yolanda Cahya Anindia', 20649, '', '', 'siswa', ''),
(590, 'Zain Kholishotul Ma\'rufah', 20650, '', '', 'siswa', ''),
(591, 'Zaskia Cinta Maulina', 20651, '', '', 'siswa', ''),
(592, 'Amanda Inka Putri Bratandari', 20652, '', '', 'siswa', ''),
(593, 'Ami Muarifah', 20653, '', '', 'siswa', ''),
(594, 'Anggita Verry Setiawan', 20654, '', '', 'siswa', ''),
(595, 'Ariq Raihan Dharmawan', 20655, '', '', 'siswa', ''),
(596, 'Ashifa Dinda Pradani', 20656, '', '', 'siswa', ''),
(597, 'Asih Sinta Liana', 20657, '', '', 'siswa', ''),
(598, 'Azalia Putri Kinasih', 20658, '', '', 'siswa', ''),
(599, 'Bayu Dwi Anggara', 20659, '', '', 'siswa', ''),
(600, 'Callista Freedela Putri Riyadi', 20660, '', '', 'siswa', ''),
(601, 'Cintania Salwa Az Zahrah', 20661, '', '', 'siswa', ''),
(602, 'Deswita Puspa Anggreini', 20662, '', '', 'siswa', ''),
(603, 'Devi Metianti', 20663, '', '', 'siswa', ''),
(604, 'Dhiyana Baroatul Isna', 20664, '', '', 'siswa', ''),
(605, 'Dwyana Wulan Safitri', 20665, '', '', 'siswa', ''),
(606, 'Dzakiyah Bunga Salsabila', 20666, '', '', 'siswa', ''),
(607, 'Eka Indah Lestari', 20667, '', '', 'siswa', ''),
(608, 'Fadhila Wijayanti', 20668, '', '', 'siswa', ''),
(609, 'Fairuz Afrilianingsih', 20669, '', '', 'siswa', ''),
(610, 'Fani Julia Saputri', 20670, '', '', 'siswa', ''),
(611, 'Fasta Putri Deva Mareta', 20671, '', '', 'siswa', ''),
(612, 'Fitriana Sayekti Handayani', 20672, '', '', 'siswa', ''),
(613, 'Gita Sham Seti Ramadhani', 20673, '', '', 'siswa', ''),
(614, 'Julia Dwi Hastuti', 20674, '', '', 'siswa', ''),
(615, 'Kelvin Abdul Azis', 20675, '', '', 'siswa', ''),
(616, 'Mei Audina Putri', 20676, '', '', 'siswa', ''),
(617, 'Mela Sintiawati', 20677, '', '', 'siswa', ''),
(618, 'Nayli Alfiyyah Almas', 20678, '', '', 'siswa', ''),
(619, 'Nur \'Athifah', 20679, '', '', 'siswa', ''),
(620, 'Ririn Dwi Asti', 20680, '', '', 'siswa', ''),
(621, 'Risma Nur Kholifah', 20681, '', '', 'siswa', ''),
(622, 'Sarah Fatikhatun Nisa', 20682, '', '', 'siswa', ''),
(623, 'Satrio Zakki Saputra', 20683, '', '', 'siswa', ''),
(624, 'Selomitha Salsabila', 20684, '', '', 'siswa', ''),
(625, 'Shifa Apriansyah Halifa', 20685, '', '', 'siswa', ''),
(626, 'Shofiatul Fatih', 20686, '', '', 'siswa', ''),
(627, 'Tiranti Wigma Savana', 20687, '', '', 'siswa', ''),
(628, 'Alya Husni Rahmawati', 20688, '', '', 'siswa', ''),
(629, 'Arindar Jofiana Putri', 20689, '', '', 'siswa', ''),
(630, 'Ayu Nur Aini', 20690, '', '', 'siswa', ''),
(631, 'Bianca Prameswari', 20691, '', '', 'siswa', ''),
(632, 'Cantika Sindy Abdillah', 20692, '', '', 'siswa', ''),
(633, 'Denatha Sekar Madyaratri', 20693, '', '', 'siswa', ''),
(634, 'Dwi Erni Yolanda', 20694, '', '', 'siswa', ''),
(635, 'Elen Nur Hanafi', 20695, '', '', 'siswa', ''),
(636, 'Elisa Apriliana', 20696, '', '', 'siswa', ''),
(637, 'Fadila Maisal Sabila', 20697, '', '', 'siswa', ''),
(638, 'Hediana Avrilia Puteri', 20698, '', '', 'siswa', ''),
(639, 'Icha Muallifah', 20699, '', '', 'siswa', ''),
(640, 'Jihan Alya Nurhanifah', 20700, '', '', 'siswa', ''),
(641, 'Khoirul Mizan', 20701, '', '', 'siswa', ''),
(642, 'Laila Yulia Ningrum', 20702, '', '', 'siswa', ''),
(643, 'Lidya Gracia Shalomitha', 20703, '', '', 'siswa', ''),
(644, 'Meysa Dwi Cahyani', 20704, '', '', 'siswa', ''),
(645, 'Mutia Irzaini Rahma', 20705, '', '', 'siswa', ''),
(646, 'Nabila Khoirunisa', 20706, '', '', 'siswa', ''),
(647, 'Nailil Muna', 20707, '', '', 'siswa', ''),
(648, 'Nanda Intan Anjani', 20708, '', '', 'siswa', ''),
(649, 'Nawalia Aqni Al Khalifi', 20709, '', '', 'siswa', ''),
(650, 'Nazmi Mufidah Setyadi', 20710, '', '', 'siswa', ''),
(651, 'Nazwa Rotun Nikmah', 20711, '', '', 'siswa', ''),
(652, 'Ninda Talitha Sani', 20712, '', '', 'siswa', ''),
(653, 'Nisrina Rasyada', 20713, '', '', 'siswa', ''),
(654, 'Novel Yuliani', 20714, '', '', 'siswa', ''),
(655, 'Nur \'Afiifah', 20715, '', '', 'siswa', ''),
(656, 'Pandu Ibnu Permana', 20716, '', '', 'siswa', ''),
(657, 'Pepi Indah Subehi', 20717, '', '', 'siswa', ''),
(658, 'Pramundito Raffa Riswiandra', 20718, '', '', 'siswa', ''),
(659, 'Reni', 20719, '', '', 'siswa', ''),
(660, 'Siti Aizah', 20720, '', '', 'siswa', ''),
(661, 'Tiara Cornelia Abinery Pukan', 20721, '', '', 'siswa', ''),
(662, 'Windi Puspita Sari', 20722, '', '', 'siswa', ''),
(663, 'Windy Makayla Kesyalatifa', 20723, '', '', 'siswa', ''),
(664, 'Adelia Putri Anggraeni', 20724, '', '', 'siswa', ''),
(665, 'Aisya Syahwa Nur Sabilah', 20725, '', '', 'siswa', ''),
(666, 'Alya Ghafar', 20726, '', '', 'siswa', ''),
(667, 'Anggita Salwa Gunesti', 20727, '', '', 'siswa', ''),
(668, 'Annisa Siwi Awalia', 20728, '', '', 'siswa', ''),
(669, 'Arum Nandanti', 20729, '', '', 'siswa', ''),
(670, 'Aulia Dwika Saputri', 20730, '', '', 'siswa', ''),
(671, 'Felen Nur Rahmasari', 20731, '', '', 'siswa', ''),
(672, 'Filda Astia', 20732, '', '', 'siswa', ''),
(673, 'Firyal Salsabila', 20733, '', '', 'siswa', ''),
(674, 'Iffah Adnin Ma\'rufah', 20734, '', '', 'siswa', ''),
(675, 'Inayatu Maulina Nur Firdaus', 20735, '', '', 'siswa', ''),
(676, 'Iqhsan Nur Faizal', 20736, '', '', 'siswa', ''),
(677, 'Isna Nur Mangunah', 20737, '', '', 'siswa', ''),
(678, 'Jihan Nabila Aliyah', 20738, '', '', 'siswa', ''),
(679, 'Keysa Dinta', 20739, '', '', 'siswa', ''),
(680, 'Keyvin Agil Prasetyo', 20740, '', '', 'siswa', ''),
(681, 'Kurnia Wahyu Meida Safitri', 20741, '', '', 'siswa', ''),
(682, 'Lucya Yeremia Inka', 20742, '', '', 'siswa', ''),
(683, 'Marsya Safira', 20743, '', '', 'siswa', ''),
(684, 'Melody Intan Azizah', 20744, '', '', 'siswa', ''),
(685, 'Mira Tri Gustin', 20745, '', '', 'siswa', ''),
(686, 'Nafila Nur\'aisah', 20746, '', '', 'siswa', ''),
(687, 'Naysha Wulan Saputri', 20747, '', '', 'siswa', ''),
(688, 'Nisrina Rakhma Sari', 20748, '', '', 'siswa', ''),
(689, 'Nobella Qolbi Nafas Islami', 20749, '', '', 'siswa', ''),
(690, 'Oktafia Wulan Ramadhani', 20750, '', '', 'siswa', ''),
(691, 'Raninditya Naura Salsabila', 20751, '', '', 'siswa', ''),
(692, 'Rena Kartina Wati', 20752, '', '', 'siswa', ''),
(693, 'Safira Diah Ayu Lestari', 20753, '', '', 'siswa', ''),
(694, 'Salwa Aulia Balqis', 20754, '', '', 'siswa', ''),
(695, 'Saskia Alsa Anggraeni', 20755, '', '', 'siswa', ''),
(696, 'Septi Kosa Nursiamara', 20756, '', '', 'siswa', ''),
(697, 'Suci Faroah', 20757, '', '', 'siswa', ''),
(698, 'Yuliyana Laraswati', 20758, '', '', 'siswa', ''),
(699, 'Zahra Nabila', 20759, '', '', 'siswa', ''),
(700, 'Alifah Rida Ramadhani', 20760, '', '', 'siswa', ''),
(701, 'Alya Nur Fitriani', 20761, '', '', 'siswa', ''),
(702, 'Anastasia Catur Astuti', 20762, '', '', 'siswa', ''),
(703, 'Annisa Aminatusstani Solekha', 20763, '', '', 'siswa', ''),
(704, 'Annisa Wardani', 20764, '', '', 'siswa', ''),
(705, 'Asmarandhah Puspitasari', 20765, '', '', 'siswa', ''),
(706, 'Assyifa Thalita Sabria', 20766, '', '', 'siswa', ''),
(707, 'Asti Putri Nurchasanah', 20767, '', '', 'siswa', ''),
(708, 'Dea Ayu Nisrina', 20768, '', '', 'siswa', ''),
(709, 'Fahri Syah Putra', 20769, '', '', 'siswa', ''),
(710, 'Fatma Alifiardhita', 20770, '', '', 'siswa', ''),
(711, 'Firman Fajar Hidayat', 20771, '', '', 'siswa', ''),
(712, 'Florentina Adisti Hapsari Putri Naomi', 20772, '', '', 'siswa', ''),
(713, 'Hana Pratiwi', 20773, '', '', 'siswa', ''),
(714, 'Hanifah Nur Fajriyah', 20774, '', '', 'siswa', ''),
(715, 'Imtiyaz Insan Syarif', 20775, '', '', 'siswa', ''),
(716, 'Khaerul Aisah', 20776, '', '', 'siswa', ''),
(717, 'Kuati Supriatin', 20777, '', '', 'siswa', ''),
(718, 'Metriyana Anggun Puspita', 20778, '', '', 'siswa', ''),
(719, 'Nadiana Ningsih', 20779, '', '', 'siswa', ''),
(720, 'Naila Habibi', 20780, '', '', 'siswa', ''),
(721, 'Nanda Galih Saputra', 20781, '', '', 'siswa', ''),
(722, 'Nur Fatimah', 20782, '', '', 'siswa', ''),
(723, 'Oktaviana Ramadhani', 20783, '', '', 'siswa', ''),
(724, 'Okti Fitria Isdiati', 20784, '', '', 'siswa', ''),
(725, 'Pratiara Tri Anggraeni', 20785, '', '', 'siswa', ''),
(726, 'Putri Dina Fatimatuzzahro', 20786, '', '', 'siswa', ''),
(727, 'Rastyu Nur Ajeng Putri', 20787, '', '', 'siswa', ''),
(728, 'Rena Anesta Prisilia', 20788, '', '', 'siswa', ''),
(729, 'Ririn Rahmawati', 20789, '', '', 'siswa', ''),
(730, 'Shelly Agnes Maulana', 20790, '', '', 'siswa', ''),
(731, 'Sherlyn Angelina Hermawan', 20791, '', '', 'siswa', ''),
(732, 'Vannessa Carolline Gadis Saifrudin', 20792, '', '', 'siswa', ''),
(733, 'Zakiyyah Maulinda', 20793, '', '', 'siswa', ''),
(734, 'Zidna Abdul Aziz', 20794, '', '', 'siswa', ''),
(735, 'Zulfah Nur \'Afifah', 20795, '', '', 'siswa', ''),
(736, 'Afifah Yuni Utami', 20796, '', '', 'siswa', ''),
(737, 'Agustina Dwi Ningsih', 20797, '', '', 'siswa', ''),
(738, 'Aida Ifti Nusaibah', 20798, '', '', 'siswa', ''),
(739, 'Anisa Eka Wijayanti', 20799, '', '', 'siswa', ''),
(740, 'Arifah Amalia Azzahra', 20800, '', '', 'siswa', ''),
(741, 'Chelsea Aprillya', 20801, '', '', 'siswa', ''),
(742, 'Dea Nur Azizah', 20802, '', '', 'siswa', ''),
(743, 'Deravina Natalee Giovanni', 20803, '', '', 'siswa', ''),
(744, 'Fadellya Cindy Utami', 20804, '', '', 'siswa', ''),
(745, 'Faira Rizki Septiana', 20805, '', '', 'siswa', ''),
(746, 'Feby Sagita Putri', 20806, '', '', 'siswa', ''),
(747, 'Gendhis Syesaria', 20807, '', '', 'siswa', ''),
(748, 'Happy Zahra Khairunnisa', 20808, '', '', 'siswa', ''),
(749, 'Intan Nur Rahma', 20809, '', '', 'siswa', ''),
(750, 'Isnain Muhaymin Nur Azis', 20810, '', '', 'siswa', ''),
(751, 'Iva Roikhatul Jannah', 20811, '', '', 'siswa', ''),
(752, 'Jovita Aurelia Putri', 20812, '', '', 'siswa', ''),
(753, 'Lili Purwati', 20813, '', '', 'siswa', ''),
(754, 'Nadia Atika Salwa', 20814, '', '', 'siswa', ''),
(755, 'Nailah Bunga Tri Lestari', 20815, '', '', 'siswa', ''),
(756, 'Nailla Defanita', 20816, '', '', 'siswa', ''),
(757, 'Nasywa Nur Shabria', 20817, '', '', 'siswa', ''),
(758, 'Nuli Dwi Destiana', 20818, '', '', 'siswa', ''),
(759, 'Opy Dwi Sri Pemula', 20819, '', '', 'siswa', ''),
(760, 'Pahat Wiji Santiko', 20820, '', '', 'siswa', ''),
(761, 'Rahmi Nafiqoh', 20821, '', '', 'siswa', ''),
(762, 'Refa Elfina Putri', 20822, '', '', 'siswa', ''),
(763, 'Resti Melinda Putri', 20823, '', '', 'siswa', ''),
(764, 'Sheril Al Husna Utami', 20824, '', '', 'siswa', ''),
(765, 'Siska Dwi Cahyani', 20825, '', '', 'siswa', ''),
(766, 'Surya Dini Kartika', 20826, '', '', 'siswa', ''),
(767, 'Syifa Fitria Gunawan', 20827, '', '', 'siswa', ''),
(768, 'Talitha Nadia Inaya', 20828, '', '', 'siswa', ''),
(769, 'Viona Intan Ridho Insani', 20829, '', '', 'siswa', ''),
(770, 'Zahwa Pramudita', 20830, '', '', 'siswa', ''),
(771, 'Abu Akhsin Ismail Husna', 20831, '', '', 'siswa', ''),
(772, 'Adila Tri Safira', 20832, '', '', 'siswa', ''),
(773, 'Adra Ibnu Wibowo', 20833, '', '', 'siswa', ''),
(774, 'Alya Dhiya Syauqy Andriana', 20834, '', '', 'siswa', ''),
(775, 'Arin Stevania Putri', 20835, '', '', 'siswa', ''),
(776, 'Dinvi Maulika Anabela', 20836, '', '', 'siswa', ''),
(777, 'Eulogia Wiji Alfa Setiono', 20837, '', '', 'siswa', ''),
(778, 'Fabian Rama Dhany Kasim', 20838, '', '', 'siswa', ''),
(779, 'Fandhi Alfarel Putra', 20839, '', '', 'siswa', ''),
(780, 'Freda Faisa', 20840, '', '', 'siswa', ''),
(781, 'Gardina Bulan Setyawan', 20841, '', '', 'siswa', ''),
(782, 'Gendis Kumalasari', 20842, '', '', 'siswa', ''),
(783, 'Intan Qurrota A\'yuni', 20843, '', '', 'siswa', ''),
(784, 'Irwansyah Agus Saputra', 20844, '', '', 'siswa', ''),
(785, 'Isna Widiastuti', 20845, '', '', 'siswa', ''),
(786, 'Khaira Arsyika Syari', 20846, '', '', 'siswa', ''),
(787, 'Kierania Anugrahing Gusti', 20847, '', '', 'siswa', ''),
(788, 'Lulu Alfirdausi', 20848, '', '', 'siswa', ''),
(789, 'Manggala Patra Raditya', 20849, '', '', 'siswa', ''),
(790, 'Melisa Adelia Utami', 20850, '', '', 'siswa', ''),
(791, 'Naima Azwa Isdyan', 20851, '', '', 'siswa', ''),
(792, 'Nayla Nindia Ramadani', 20852, '', '', 'siswa', ''),
(793, 'Putri Jona Khuri Hafsah Pradevira', 20854, '', '', 'siswa', ''),
(794, 'Putri Zhafira Khoirusyifa', 20855, '', '', 'siswa', ''),
(795, 'Rafif Waliudin', 20856, '', '', 'siswa', ''),
(796, 'Rasyid Zaidan Suryono', 20857, '', '', 'siswa', ''),
(797, 'Rizki Syaakira', 20858, '', '', 'siswa', ''),
(798, 'Sari Desta Nur Saputri', 20859, '', '', 'siswa', ''),
(799, 'Siti Muajizah', 20860, '', '', 'siswa', ''),
(800, 'Syabrina Nandra Wijaya', 20861, '', '', 'siswa', ''),
(801, 'Syafiqoh Febriana', 20862, '', '', 'siswa', ''),
(802, 'Tegar Kurniawan', 20863, '', '', 'siswa', ''),
(803, 'Valin Vaya Abellani', 20864, '', '', 'siswa', ''),
(804, 'Wahyuni Indah Lestari', 20865, '', '', 'siswa', ''),
(805, 'Zuffar Yussri Ziyadatullah', 20866, '', '', 'siswa', ''),
(806, 'Adista Dwi Juliana', 20867, '', '', 'siswa', ''),
(807, 'Aghnia Khoerunnisa', 20868, '', '', 'siswa', ''),
(808, 'Aiesha Wafiq Azizah', 20869, '', '', 'siswa', ''),
(809, 'Alya Dzakiyah Nur Ramadhani', 20870, '', '', 'siswa', ''),
(810, 'Anindita Pratiwindi', 20871, '', '', 'siswa', ''),
(811, 'Anisa Realita', 20872, '', '', 'siswa', ''),
(812, 'Annisa Nur Fadhillah', 20873, '', '', 'siswa', ''),
(813, 'Aryanti Yuliasih Rahayu', 20874, '', '', 'siswa', ''),
(814, 'Azan Putra Prasetya', 20875, '', '', 'siswa', ''),
(815, 'Bonifasia Virna Niryndra', 20876, '', '', 'siswa', ''),
(816, 'Cahya Sinta Nabila', 20877, '', '', 'siswa', ''),
(817, 'Catherine Joanne Theresa', 20878, '', '', 'siswa', ''),
(818, 'Desiana Nabila', 20879, '', '', 'siswa', ''),
(819, 'Elsha Fibrina', 20880, '', '', 'siswa', ''),
(820, 'Fabregas Dwi Adrian', 20881, '', '', 'siswa', ''),
(821, 'Fatchurrohman Alfarrel', 20882, '', '', 'siswa', ''),
(822, 'Kiadesta Sakhi Fadhilah', 20883, '', '', 'siswa', ''),
(823, 'Langkas Jaladri', 20884, '', '', 'siswa', ''),
(824, 'Mahia Fausta Yasa', 20885, '', '', 'siswa', ''),
(825, 'Muhammad Radja Alfaris Harahap', 20886, '', '', 'siswa', ''),
(826, 'Muhammad Sulthan Zaki Mafaaza', 20887, '', '', 'siswa', ''),
(827, 'Nadya Khairina Mazaya', 20888, '', '', 'siswa', ''),
(828, 'Naura Rayhana Dhiya Iswandi', 20889, '', '', 'siswa', ''),
(829, 'Neva Setiawati', 20890, '', '', 'siswa', ''),
(830, 'Nia Fara Annisa Yuwono', 20891, '', '', 'siswa', ''),
(831, 'Raihan Raffly Ramadani', 20892, '', '', 'siswa', ''),
(832, 'Rangga Cahya Aolia', 20893, '', '', 'siswa', ''),
(833, 'Ranies Zahra Permadani', 20894, '', '', 'siswa', ''),
(834, 'Rizal Ardiansyah', 20895, '', '', 'siswa', ''),
(835, 'Stephany Justicia Alamsyah', 20896, '', '', 'siswa', ''),
(836, 'Tri Yana Sarifatul Lutfiah', 20897, '', '', 'siswa', ''),
(837, 'Viandika Pratama Putra', 20898, '', '', 'siswa', ''),
(838, 'Vioren Rahma Velita', 20899, '', '', 'siswa', ''),
(839, 'Wina Ageng Purwantari', 20900, '', '', 'siswa', ''),
(840, 'Yoga Pratama Putra', 20901, '', '', 'siswa', ''),
(841, 'tes_guru', 1, '2@email.com', '123', 'guru', ''),
(843, 'tes_signup', 2, '', '', 'siswa', '');

-- --------------------------------------------------------

--
-- Table structure for table `task_file`
--

CREATE TABLE `task_file` (
  `id` int(10) NOT NULL,
  `id_task` int(10) DEFAULT NULL,
  `id_task_distribution` int(10) DEFAULT NULL,
  `id_profile` int(4) NOT NULL,
  `task_answer_file` varchar(10) DEFAULT NULL,
  `name` varchar(10) DEFAULT NULL,
  `date` datetime DEFAULT current_timestamp()
) ENGINE=InnoDB DEFAULT CHARSET=utf8 COLLATE=utf8_general_ci;

-- --------------------------------------------------------

--
-- Table structure for table `task_group`
--

CREATE TABLE `task_group` (
  `id` int(10) NOT NULL,
  `name` varchar(10) DEFAULT NULL,
  `description` varchar(10) DEFAULT NULL,
  `task_description_file` varchar(10) DEFAULT NULL,
  `id_mapel` int(10) DEFAULT NULL,
  `id_kelas` int(10) DEFAULT NULL,
  `id_guru` int(10) DEFAULT NULL,
  `tgl_dibuat` date DEFAULT current_timestamp(),
  `tgl_deadline` date DEFAULT current_timestamp()
) ENGINE=InnoDB DEFAULT CHARSET=utf8 COLLATE=utf8_general_ci;

-- --------------------------------------------------------

--
-- Table structure for table `task_group_distribution`
--

CREATE TABLE `task_group_distribution` (
  `id` int(10) NOT NULL,
  `id_task` int(10) DEFAULT NULL,
  `id_leader` int(10) NOT NULL,
  `id_profile` int(10) DEFAULT NULL
) ENGINE=InnoDB DEFAULT CHARSET=utf8 COLLATE=utf8_general_ci;

-- --------------------------------------------------------

--
-- Table structure for table `task_group_leader`
--

CREATE TABLE `task_group_leader` (
  `id` int(10) NOT NULL,
  `id_tugas` int(10) NOT NULL,
  `id_profile` int(10) NOT NULL
) ENGINE=InnoDB DEFAULT CHARSET=utf8mb4 COLLATE=utf8mb4_general_ci;

-- --------------------------------------------------------

--
-- Table structure for table `task_solo`
--

CREATE TABLE `task_solo` (
  `id` int(10) NOT NULL,
  `name` varchar(10) DEFAULT NULL,
  `description` varchar(255) DEFAULT NULL,
  `task_description_file` varchar(255) DEFAULT NULL,
  `id_mapel` int(10) DEFAULT NULL,
  `id_kelas` int(10) DEFAULT NULL,
  `id_guru` int(10) DEFAULT NULL,
  `tgl_dibuat` date NOT NULL DEFAULT current_timestamp(),
  `tgl_deadline` date NOT NULL DEFAULT current_timestamp()
) ENGINE=InnoDB DEFAULT CHARSET=utf8 COLLATE=utf8_general_ci;

--
-- Dumping data for table `task_solo`
--

INSERT INTO `task_solo` (`id`, `name`, `description`, `task_description_file`, `id_mapel`, `id_kelas`, `id_guru`, `tgl_dibuat`, `tgl_deadline`) VALUES
(45, 'tes tugas', 'asdasfsdggfsdghdhfsdhdsahdhdshsdhdshdhd', '', 1, 1, 841, '2024-02-19', '2024-02-27'),
(46, 'tes tugas ', 'afafssfafsafaf', '', 1, 1, 841, '2024-02-19', '2024-02-21'),
(47, 'asdasd', 'asdasdaddas', 'Capture.PNG', 1, 1, 841, '2024-02-19', '2024-02-22'),
(48, 'asdasd', 'asdasdaddas', '_f32c40da-ce79-45be-a633-2a889163a623.jpeg.jpg', 1, 1, 841, '2024-02-19', '2024-02-22'),
(49, 'asdasd', 'asdasdaddas', '_f32c40da-ce79-45be-a633-2a889163a623.jpeg.jpg', 1, 1, 841, '2024-02-19', '2024-02-22'),
(50, 'asd', 'asdsadsdasadsad', '', 1, 1, 841, '2024-02-19', '2024-02-28'),
(51, 'jhgk', 'asdsadsdasadsad', '', 1, 1, 841, '2024-02-19', '2024-02-28'),
(52, 'jhgk', 'asdsadsdasadsad', '', 1, 1, 841, '2024-02-19', '2024-02-28'),
(53, 'jhgk', 'asdsadsdasadsad', '', 1, 1, 841, '2024-02-19', '2024-02-28'),
(54, 'asdasdas', 'asdasdadasdadadasd', '65d3431236f2d', 1, 1, 841, '2024-02-19', '2024-02-29'),
(55, 'agdfsdg', 'asdgasgsdghasdfhsda', '65d3434f8cab0.jpg', 1, 1, 841, '2024-02-19', '2024-02-22'),
(56, 'agdfsdg', 'asdgasgsdghasdfhsda', '65d34388b6983.jpg', 1, 1, 841, '2024-02-19', '2024-02-22');

-- --------------------------------------------------------

--
-- Table structure for table `task_solo_distribution`
--

CREATE TABLE `task_solo_distribution` (
  `id` int(10) NOT NULL,
  `id_task` int(10) DEFAULT NULL,
  `id_profile` int(10) DEFAULT NULL
) ENGINE=InnoDB DEFAULT CHARSET=utf8 COLLATE=utf8_general_ci;

--
-- Dumping data for table `task_solo_distribution`
--

INSERT INTO `task_solo_distribution` (`id`, `id_task`, `id_profile`) VALUES
(253, 45, 124),
(254, 45, 125),
(255, 45, 126),
(256, 45, 127),
(257, 45, 128),
(258, 45, 129),
(259, 45, 130),
(260, 45, 131),
(261, 45, 132),
(262, 45, 133),
(263, 45, 134),
(264, 45, 135),
(265, 45, 136),
(266, 45, 137),
(267, 45, 138),
(268, 45, 139),
(269, 45, 140),
(270, 45, 141),
(271, 45, 142),
(272, 45, 143),
(273, 45, 144),
(274, 45, 145),
(275, 45, 146),
(276, 45, 147),
(277, 45, 148),
(278, 45, 149),
(279, 45, 150),
(280, 45, 151),
(281, 45, 152),
(282, 45, 153),
(283, 45, 154),
(284, 45, 155),
(285, 45, 156),
(286, 45, 157),
(287, 45, 158),
(288, 45, 159),
(289, 46, 124),
(290, 46, 125),
(291, 46, 126),
(292, 46, 127),
(293, 46, 128),
(294, 46, 129),
(295, 46, 130),
(296, 46, 131),
(297, 46, 132),
(298, 46, 133),
(299, 46, 134),
(300, 46, 135),
(301, 46, 136),
(302, 46, 137),
(303, 46, 138),
(304, 46, 139),
(305, 46, 140),
(306, 46, 141),
(307, 46, 142),
(308, 46, 143),
(309, 46, 144),
(310, 46, 145),
(311, 46, 146),
(312, 46, 147),
(313, 46, 148),
(314, 46, 149),
(315, 46, 150),
(316, 46, 151),
(317, 46, 152),
(318, 46, 153),
(319, 46, 154),
(320, 46, 155),
(321, 46, 156),
(322, 46, 157),
(323, 46, 158),
(324, 46, 159),
(325, 47, 124),
(326, 47, 125),
(327, 47, 126),
(328, 47, 127),
(329, 47, 128),
(330, 47, 129),
(331, 47, 130),
(332, 47, 131),
(333, 47, 132),
(334, 47, 133),
(335, 47, 134),
(336, 47, 135),
(337, 47, 136),
(338, 47, 137),
(339, 47, 138),
(340, 47, 139),
(341, 47, 140),
(342, 47, 141),
(343, 47, 142),
(344, 47, 143),
(345, 47, 144),
(346, 47, 145),
(347, 47, 146),
(348, 47, 147),
(349, 47, 148),
(350, 47, 149),
(351, 47, 150),
(352, 47, 151),
(353, 47, 152),
(354, 47, 153),
(355, 47, 154),
(356, 47, 155),
(357, 47, 156),
(358, 47, 157),
(359, 47, 158),
(360, 47, 159),
(361, 48, 124),
(362, 48, 125),
(363, 48, 126),
(364, 48, 127),
(365, 48, 128),
(366, 48, 129),
(367, 48, 130),
(368, 48, 131),
(369, 48, 132),
(370, 48, 133),
(371, 48, 134),
(372, 48, 135),
(373, 48, 136),
(374, 48, 137),
(375, 48, 138),
(376, 48, 139),
(377, 48, 140),
(378, 48, 141),
(379, 48, 142),
(380, 48, 143),
(381, 48, 144),
(382, 48, 145),
(383, 48, 146),
(384, 48, 147),
(385, 48, 148),
(386, 48, 149),
(387, 48, 150),
(388, 48, 151),
(389, 48, 152),
(390, 48, 153),
(391, 48, 154),
(392, 48, 155),
(393, 48, 156),
(394, 48, 157),
(395, 48, 158),
(396, 48, 159),
(397, 49, 124),
(398, 49, 125),
(399, 49, 126),
(400, 49, 127),
(401, 49, 128),
(402, 49, 129),
(403, 49, 130),
(404, 49, 131),
(405, 49, 132),
(406, 49, 133),
(407, 49, 134),
(408, 49, 135),
(409, 49, 136),
(410, 49, 137),
(411, 49, 138),
(412, 49, 139),
(413, 49, 140),
(414, 49, 141),
(415, 49, 142),
(416, 49, 143),
(417, 49, 144),
(418, 49, 145),
(419, 49, 146),
(420, 49, 147),
(421, 49, 148),
(422, 49, 149),
(423, 49, 150),
(424, 49, 151),
(425, 49, 152),
(426, 49, 153),
(427, 49, 154),
(428, 49, 155),
(429, 49, 156),
(430, 49, 157),
(431, 49, 158),
(432, 49, 159),
(433, 50, 124),
(434, 50, 125),
(435, 50, 126),
(436, 50, 127),
(437, 50, 128),
(438, 50, 129),
(439, 50, 130),
(440, 50, 131),
(441, 50, 132),
(442, 50, 133),
(443, 50, 134),
(444, 50, 135),
(445, 50, 136),
(446, 50, 137),
(447, 50, 138),
(448, 50, 139),
(449, 50, 140),
(450, 50, 141),
(451, 50, 142),
(452, 50, 143),
(453, 50, 144),
(454, 50, 145),
(455, 50, 146),
(456, 50, 147),
(457, 50, 148),
(458, 50, 149),
(459, 50, 150),
(460, 50, 151),
(461, 50, 152),
(462, 50, 153),
(463, 50, 154),
(464, 50, 155),
(465, 50, 156),
(466, 50, 157),
(467, 50, 158),
(468, 50, 159),
(469, 51, 124),
(470, 51, 125),
(471, 51, 126),
(472, 51, 127),
(473, 51, 128),
(474, 51, 129),
(475, 51, 130),
(476, 51, 131),
(477, 51, 132),
(478, 51, 133),
(479, 51, 134),
(480, 51, 135),
(481, 51, 136),
(482, 51, 137),
(483, 51, 138),
(484, 51, 139),
(485, 51, 140),
(486, 51, 141),
(487, 51, 142),
(488, 51, 143),
(489, 51, 144),
(490, 51, 145),
(491, 51, 146),
(492, 51, 147),
(493, 51, 148),
(494, 51, 149),
(495, 51, 150),
(496, 51, 151),
(497, 51, 152),
(498, 51, 153),
(499, 51, 154),
(500, 51, 155),
(501, 51, 156),
(502, 51, 157),
(503, 51, 158),
(504, 51, 159),
(505, 52, 124),
(506, 52, 125),
(507, 52, 126),
(508, 52, 127),
(509, 52, 128),
(510, 52, 129),
(511, 52, 130),
(512, 52, 131),
(513, 52, 132),
(514, 52, 133),
(515, 52, 134),
(516, 52, 135),
(517, 52, 136),
(518, 52, 137),
(519, 52, 138),
(520, 52, 139),
(521, 52, 140),
(522, 52, 141),
(523, 52, 142),
(524, 52, 143),
(525, 52, 144),
(526, 52, 145),
(527, 52, 146),
(528, 52, 147),
(529, 52, 148),
(530, 52, 149),
(531, 52, 150),
(532, 52, 151),
(533, 52, 152),
(534, 52, 153),
(535, 52, 154),
(536, 52, 155),
(537, 52, 156),
(538, 52, 157),
(539, 52, 158),
(540, 52, 159),
(541, 53, 124),
(542, 53, 125),
(543, 53, 126),
(544, 53, 127),
(545, 53, 128),
(546, 53, 129),
(547, 53, 130),
(548, 53, 131),
(549, 53, 132),
(550, 53, 133),
(551, 53, 134),
(552, 53, 135),
(553, 53, 136),
(554, 53, 137),
(555, 53, 138),
(556, 53, 139),
(557, 53, 140),
(558, 53, 141),
(559, 53, 142),
(560, 53, 143),
(561, 53, 144),
(562, 53, 145),
(563, 53, 146),
(564, 53, 147),
(565, 53, 148),
(566, 53, 149),
(567, 53, 150),
(568, 53, 151),
(569, 53, 152),
(570, 53, 153),
(571, 53, 154),
(572, 53, 155),
(573, 53, 156),
(574, 53, 157),
(575, 53, 158),
(576, 53, 159),
(577, 54, 124),
(578, 54, 125),
(579, 54, 126),
(580, 54, 127),
(581, 54, 128),
(582, 54, 129),
(583, 54, 130),
(584, 54, 131),
(585, 54, 132),
(586, 54, 133),
(587, 54, 134),
(588, 54, 135),
(589, 54, 136),
(590, 54, 137),
(591, 54, 138),
(592, 54, 139),
(593, 54, 140),
(594, 54, 141),
(595, 54, 142),
(596, 54, 143),
(597, 54, 144),
(598, 54, 145),
(599, 54, 146),
(600, 54, 147),
(601, 54, 148),
(602, 54, 149),
(603, 54, 150),
(604, 54, 151),
(605, 54, 152),
(606, 54, 153),
(607, 54, 154),
(608, 54, 155),
(609, 54, 156),
(610, 54, 157),
(611, 54, 158),
(612, 54, 159),
(613, 55, 124),
(614, 55, 125),
(615, 55, 126),
(616, 55, 127),
(617, 55, 128),
(618, 55, 129),
(619, 55, 130),
(620, 55, 131),
(621, 55, 132),
(622, 55, 133),
(623, 55, 134),
(624, 55, 135),
(625, 55, 136),
(626, 55, 137),
(627, 55, 138),
(628, 55, 139),
(629, 55, 140),
(630, 55, 141),
(631, 55, 142),
(632, 55, 143),
(633, 55, 144),
(634, 55, 145),
(635, 55, 146),
(636, 55, 147),
(637, 55, 148),
(638, 55, 149),
(639, 55, 150),
(640, 55, 151),
(641, 55, 152),
(642, 55, 153),
(643, 55, 154),
(644, 55, 155),
(645, 55, 156),
(646, 55, 157),
(647, 55, 158),
(648, 55, 159),
(649, 56, 124),
(650, 56, 125),
(651, 56, 126),
(652, 56, 127),
(653, 56, 128),
(654, 56, 129),
(655, 56, 130),
(656, 56, 131),
(657, 56, 132),
(658, 56, 133),
(659, 56, 134),
(660, 56, 135),
(661, 56, 136),
(662, 56, 137),
(663, 56, 138),
(664, 56, 139),
(665, 56, 140),
(666, 56, 141),
(667, 56, 142),
(668, 56, 143),
(669, 56, 144),
(670, 56, 145),
(671, 56, 146),
(672, 56, 147),
(673, 56, 148),
(674, 56, 149),
(675, 56, 150),
(676, 56, 151),
(677, 56, 152),
(678, 56, 153),
(679, 56, 154),
(680, 56, 155),
(681, 56, 156),
(682, 56, 157),
(683, 56, 158),
(684, 56, 159);

--
-- Indexes for dumped tables
--

--
-- Indexes for table `distribution_kelas`
--
ALTER TABLE `distribution_kelas`
  ADD PRIMARY KEY (`id`),
  ADD KEY `id_profile` (`id_profile`,`id_kelas`),
  ADD KEY `id_kelas` (`id_kelas`);

--
-- Indexes for table `distribution_mapel`
--
ALTER TABLE `distribution_mapel`
  ADD PRIMARY KEY (`id`),
  ADD KEY `id_profile` (`id_profile`,`id_mapel`,`id_kelas`),
  ADD KEY `id_mapel` (`id_mapel`);

--
-- Indexes for table `jurusan`
--
ALTER TABLE `jurusan`
  ADD PRIMARY KEY (`id`);

--
-- Indexes for table `kelas`
--
ALTER TABLE `kelas`
  ADD PRIMARY KEY (`id`),
  ADD KEY `id_jurusan` (`id_jurusan`);

--
-- Indexes for table `mapel`
--
ALTER TABLE `mapel`
  ADD PRIMARY KEY (`id`);

--
-- Indexes for table `profile`
--
ALTER TABLE `profile`
  ADD PRIMARY KEY (`id`);

--
-- Indexes for table `task_file`
--
ALTER TABLE `task_file`
  ADD PRIMARY KEY (`id`),
  ADD KEY `id_task` (`id_task`,`id_task_distribution`),
  ADD KEY `id_task_distribution` (`id_task_distribution`),
  ADD KEY `id_profile` (`id_profile`);

--
-- Indexes for table `task_group`
--
ALTER TABLE `task_group`
  ADD PRIMARY KEY (`id`),
  ADD KEY `id_mapel` (`id_mapel`,`id_kelas`,`id_guru`),
  ADD KEY `id_kelas` (`id_kelas`),
  ADD KEY `id_guru` (`id_guru`);

--
-- Indexes for table `task_group_distribution`
--
ALTER TABLE `task_group_distribution`
  ADD PRIMARY KEY (`id`),
  ADD KEY `id_task` (`id_task`,`id_profile`),
  ADD KEY `id_profile` (`id_profile`),
  ADD KEY `id_leader` (`id_leader`);

--
-- Indexes for table `task_group_leader`
--
ALTER TABLE `task_group_leader`
  ADD PRIMARY KEY (`id`),
  ADD KEY `id_tugas` (`id_tugas`,`id_profile`);

--
-- Indexes for table `task_solo`
--
ALTER TABLE `task_solo`
  ADD PRIMARY KEY (`id`),
  ADD KEY `id_mapel` (`id_mapel`,`id_kelas`,`id_guru`),
  ADD KEY `id_kelas` (`id_kelas`),
  ADD KEY `id_guru` (`id_guru`);

--
-- Indexes for table `task_solo_distribution`
--
ALTER TABLE `task_solo_distribution`
  ADD PRIMARY KEY (`id`),
  ADD KEY `id_task` (`id_task`,`id_profile`),
  ADD KEY `id_profile` (`id_profile`);

--
-- AUTO_INCREMENT for dumped tables
--

--
-- AUTO_INCREMENT for table `distribution_mapel`
--
ALTER TABLE `distribution_mapel`
  MODIFY `id` int(4) NOT NULL AUTO_INCREMENT, AUTO_INCREMENT=112;

--
-- AUTO_INCREMENT for table `kelas`
--
ALTER TABLE `kelas`
  MODIFY `id` int(2) NOT NULL AUTO_INCREMENT, AUTO_INCREMENT=21;

--
-- AUTO_INCREMENT for table `profile`
--
ALTER TABLE `profile`
  MODIFY `id` int(3) NOT NULL AUTO_INCREMENT, AUTO_INCREMENT=844;

--
-- AUTO_INCREMENT for table `task_file`
--
ALTER TABLE `task_file`
  MODIFY `id` int(10) NOT NULL AUTO_INCREMENT, AUTO_INCREMENT=2;

--
-- AUTO_INCREMENT for table `task_group_distribution`
--
ALTER TABLE `task_group_distribution`
  MODIFY `id` int(10) NOT NULL AUTO_INCREMENT, AUTO_INCREMENT=685;

--
-- AUTO_INCREMENT for table `task_group_leader`
--
ALTER TABLE `task_group_leader`
  MODIFY `id` int(10) NOT NULL AUTO_INCREMENT;

--
-- AUTO_INCREMENT for table `task_solo`
--
ALTER TABLE `task_solo`
  MODIFY `id` int(10) NOT NULL AUTO_INCREMENT, AUTO_INCREMENT=57;

--
-- AUTO_INCREMENT for table `task_solo_distribution`
--
ALTER TABLE `task_solo_distribution`
  MODIFY `id` int(10) NOT NULL AUTO_INCREMENT, AUTO_INCREMENT=685;

--
-- Constraints for dumped tables
--

--
-- Constraints for table `distribution_kelas`
--
ALTER TABLE `distribution_kelas`
  ADD CONSTRAINT `distribution_kelas_ibfk_1` FOREIGN KEY (`id_profile`) REFERENCES `profile` (`id`),
  ADD CONSTRAINT `distribution_kelas_ibfk_2` FOREIGN KEY (`id_kelas`) REFERENCES `kelas` (`id`);

--
-- Constraints for table `distribution_mapel`
--
ALTER TABLE `distribution_mapel`
  ADD CONSTRAINT `distribution_mapel_ibfk_1` FOREIGN KEY (`id_mapel`) REFERENCES `mapel` (`id`),
  ADD CONSTRAINT `distribution_mapel_ibfk_2` FOREIGN KEY (`id_profile`) REFERENCES `profile` (`id`);

--
-- Constraints for table `kelas`
--
ALTER TABLE `kelas`
  ADD CONSTRAINT `kelas_ibfk_1` FOREIGN KEY (`id_jurusan`) REFERENCES `jurusan` (`id`);

--
-- Constraints for table `task_file`
--
ALTER TABLE `task_file`
  ADD CONSTRAINT `task_file_ibfk_1` FOREIGN KEY (`id_task`) REFERENCES `task_solo` (`id`),
  ADD CONSTRAINT `task_file_ibfk_2` FOREIGN KEY (`id_task_distribution`) REFERENCES `task_solo_distribution` (`id`),
  ADD CONSTRAINT `task_file_ibfk_3` FOREIGN KEY (`id_profile`) REFERENCES `profile` (`id`);

--
-- Constraints for table `task_group`
--
ALTER TABLE `task_group`
  ADD CONSTRAINT `task_group_ibfk_1` FOREIGN KEY (`id_mapel`) REFERENCES `mapel` (`id`),
  ADD CONSTRAINT `task_group_ibfk_2` FOREIGN KEY (`id_kelas`) REFERENCES `kelas` (`id`),
  ADD CONSTRAINT `task_group_ibfk_3` FOREIGN KEY (`id_guru`) REFERENCES `profile` (`id`);

--
-- Constraints for table `task_group_distribution`
--
ALTER TABLE `task_group_distribution`
  ADD CONSTRAINT `task_group_distribution_ibfk_3` FOREIGN KEY (`id_profile`) REFERENCES `profile` (`id`);

--
-- Constraints for table `task_group_leader`
--
ALTER TABLE `task_group_leader`
  ADD CONSTRAINT `task_group_leader_ibfk_1` FOREIGN KEY (`id_tugas`) REFERENCES `task_group` (`id`);

--
-- Constraints for table `task_solo`
--
ALTER TABLE `task_solo`
  ADD CONSTRAINT `task_solo_ibfk_1` FOREIGN KEY (`id_kelas`) REFERENCES `kelas` (`id`),
  ADD CONSTRAINT `task_solo_ibfk_2` FOREIGN KEY (`id_guru`) REFERENCES `profile` (`id`),
  ADD CONSTRAINT `task_solo_ibfk_3` FOREIGN KEY (`id_mapel`) REFERENCES `mapel` (`id`);

--
-- Constraints for table `task_solo_distribution`
--
ALTER TABLE `task_solo_distribution`
  ADD CONSTRAINT `task_solo_distribution_ibfk_2` FOREIGN KEY (`id_task`) REFERENCES `task_solo` (`id`),
  ADD CONSTRAINT `task_solo_distribution_ibfk_3` FOREIGN KEY (`id_profile`) REFERENCES `profile` (`id`);
COMMIT;

/*!40101 SET CHARACTER_SET_CLIENT=@OLD_CHARACTER_SET_CLIENT */;
/*!40101 SET CHARACTER_SET_RESULTS=@OLD_CHARACTER_SET_RESULTS */;
/*!40101 SET COLLATION_CONNECTION=@OLD_COLLATION_CONNECTION */;
